Data Registrazione;Data valuta;Descrizione;Causale;Importo (EUR)
01.01.2022;01.01.2022;PAGAMENTO POS FARMACIA COMUNALE 3;Pagamento POS;-35,42
01.01.2022;01.01.2022;Bonifico a IMMOBILIARE CASA BELLA SRL per AFFITTO 01/2022;Bonifico SEPA;-650,00
02.01.2022;02.01.2022;PAGAMENTO POS ENI STATION 1043;Pagamento POS;-51,88
03.01.2022;03.01.2022;PAGAMENTO POS DELIVEROO ITALY;Pagamento POS;-32,97
03.01.2022;03.01.2022;Palestra FitActive abbonamento;Addebito SDD;-39,90
04.01.2022;04.01.2022;PAGAMENTO POS SUSHI KO;Pagamento POS;-52,46
06.01.2022;06.01.2022;NETFLIX.COM AMSTERDAM;Pagamento carta;-12,99
08.01.2022;08.01.2022;TIM fibra casa;Addebito SDD;-29,90
09.01.2022;09.01.2022;PAGAMENTO POS Q8 VIA EMILIA;Pagamento POS;-53,24
09.01.2022;09.01.2022;PAGAMENTO POS ESSELUNGA MILANO;Pagamento POS;-130,09
10.01.2022;11.01.2022;Stipendio 01/2022 STUDIO MEDICO SALUS - Laura Bianchi;Accredito stipendio;1.150,00
11.01.2022;11.01.2022;PAGAMENTO POS SUSHI KO;Pagamento POS;-47,48
11.01.2022;11.01.2022;PAGAMENTO POS ESSELUNGA MILANO;Pagamento POS;-125,41
12.01.2022;12.01.2022;Enel Energia bolletta luce e gas;Addebito SDD;-169,27
15.01.2022;15.01.2022;PAGAMENTO POS SUSHI KO;Pagamento POS;-41,06
17.01.2022;17.01.2022;PAGAMENTO POS ESSELUNGA MILANO;Pagamento POS;-120,42
18.01.2022;18.01.2022;Iliad ricarica mobile;Addebito SDD;-9,99
19.01.2022;19.01.2022;PAGAMENTO POS ESSELUNGA MILANO;Pagamento POS;-89,41
21.01.2022;21.01.2022;PAGAMENTO POS CONAD CITY;Pagamento POS;-28,34
23.01.2022;23.01.2022;PAGAMENTO POS CONAD CITY;Pagamento POS;-33,35
25.01.2022;25.01.2022;PAGAMENTO POS CONAD CITY;Pagamento POS;-19,42
27.01.2022;28.01.2022;Stipendio 01/2022 ACME S.p.A.;Accredito stipendio;2.050,00
28.01.2022;28.01.2022;PAGAMENTO POS RISTORANTE DA LUIGI;Pagamento POS;-94,08
28.01.2022;28.01.2022;Giroconto verso Fineco c/c 0012345678 - risparmio mensile;Giroconto;-1.500,00
29.01.2022;29.01.2022;PAGAMENTO POS LIDL ITALIA;Pagamento POS;-35,87
30.01.2022;30.01.2022;PAGAMENTO POS BAR CENTRALE;Pagamento POS;-8,59
01.02.2022;01.02.2022;Bonifico a IMMOBILIARE CASA BELLA SRL per AFFITTO 02/2022;Bonifico SEPA;-650,00
03.02.2022;03.02.2022;PAGAMENTO POS BAR CENTRALE;Pagamento POS;-3,68
03.02.2022;03.02.2022;Palestra FitActive abbonamento;Addebito SDD;-39,90
03.02.2022;03.02.2022;IKEA CORSICO;Pagamento carta;-143,19
05.02.2022;05.02.2022;DECATHLON;Pagamento carta;-34,72
05.02.2022;05.02.2022;PAGAMENTO POS LIDL ITALIA;Pagamento POS;-56,18
05.02.2022;05.02.2022;PAGAMENTO POS ESSELUNGA MILANO;Pagamento POS;-83,91
06.02.2022;06.02.2022;NETFLIX.COM AMSTERDAM;Pagamento carta;-12,99
08.02.2022;08.02.2022;TIM fibra casa;Addebito SDD;-29,90
10.02.2022;11.02.2022;Stipendio 02/2022 STUDIO MEDICO SALUS - Laura Bianchi;Accredito stipendio;1.150,00
12.02.2022;12.02.2022;Enel Energia bolletta luce e gas;Addebito SDD;-205,46
13.02.2022;13.02.2022;PAGAMENTO POS ESSELUNGA MILANO;Pagamento POS;-52,35
16.02.2022;16.02.2022;PAGAMENTO POS Q8 VIA EMILIA;Pagamento POS;-60,04
18.02.2022;18.02.2022;Iliad ricarica mobile;Addebito SDD;-9,99
18.02.2022;18.02.2022;PAGAMENTO POS LIDL ITALIA;Pagamento POS;-34,35
20.02.2022;20.02.2022;Acquedotto MM SpA bolletta acqua;Addebito SDD;-34,62
21.02.2022;21.02.2022;PAGAMENTO POS PIZZERIA NAPOLI;Pagamento POS;-24,05
22.02.2022;23.02.2022;Bonifico da STUDIO BIANCHI SRL - consulenza occasionale;Bonifico in entrata;350,00
23.02.2022;23.02.2022;PAGAMENTO POS SUSHI KO;Pagamento POS;-48,49
23.02.2022;23.02.2022;PAGAMENTO POS ESSELUNGA MILANO;Pagamento POS;-80,51
24.02.2022;24.02.2022;PAGAMENTO POS LIDL ITALIA;Pagamento POS;-30,77
25.02.2022;25.02.2022;PAGAMENTO POS CINEMA ANTEO;Pagamento POS;-14,75
25.02.2022;25.02.2022;PAGAMENTO POS COOP LOMBARDIA;Pagamento POS;-33,84
25.02.2022;25.02.2022;PAGAMENTO POS CONAD CITY;Pagamento POS;-36,79
26.02.2022;26.02.2022;PAGAMENTO POS COOP LOMBARDIA;Pagamento POS;-93,70
27.02.2022;28.02.2022;Stipendio 02/2022 ACME S.p.A.;Accredito stipendio;2.050,00
27.02.2022;27.02.2022;DECATHLON;Pagamento carta;-87,30
28.02.2022;28.02.2022;PAGAMENTO POS Q8 VIA EMILIA;Pagamento POS;-51,63
28.02.2022;28.02.2022;Giroconto verso Fineco c/c 0012345678 - risparmio mensile;Giroconto;-1.500,00
01.03.2022;01.03.2022;Bonifico a IMMOBILIARE CASA BELLA SRL per AFFITTO 03/2022;Bonifico SEPA;-650,00
03.03.2022;03.03.2022;Palestra FitActive abbonamento;Addebito SDD;-39,90
06.03.2022;06.03.2022;NETFLIX.COM AMSTERDAM;Pagamento carta;-12,99
07.03.2022;07.03.2022;PAGAMENTO POS ENI STATION 1043;Pagamento POS;-47,45
07.03.2022;07.03.2022;PAGAMENTO POS COOP LOMBARDIA;Pagamento POS;-100,11
08.03.2022;08.03.2022;TIM fibra casa;Addebito SDD;-29,90
10.03.2022;11.03.2022;Stipendio 03/2022 STUDIO MEDICO SALUS - Laura Bianchi;Accredito stipendio;1.150,00
10.03.2022;10.03.2022;PAGAMENTO POS CINEMA ANTEO;Pagamento POS;-18,18
10.03.2022;10.03.2022;PAGAMENTO POS PIZZERIA NAPOLI;Pagamento POS;-47,40
11.03.2022;11.03.2022;PAGAMENTO POS SUSHI KO;Pagamento POS;-57,82
11.03.2022;11.03.2022;PAGAMENTO POS Q8 VIA EMILIA;Pagamento POS;-62,25
12.03.2022;12.03.2022;PAGAMENTO POS CONAD CITY;Pagamento POS;-9,62
12.03.2022;12.03.2022;Enel Energia bolletta luce e gas;Addebito SDD;-170,02
14.03.2022;14.03.2022;PAGAMENTO POS CONAD CITY;Pagamento POS;-10,17
14.03.2022;14.03.2022;AMAZON EU SARL;Pagamento carta;-98,38
15.03.2022;15.03.2022;UnipolSai polizza RC auto annuale;Addebito SDD;-520,00
16.03.2022;16.03.2022;PAGAMENTO POS BAR CENTRALE;Pagamento POS;-6,95
18.03.2022;18.03.2022;Iliad ricarica mobile;Addebito SDD;-9,99
22.03.2022;22.03.2022;PAGAMENTO POS LIDL ITALIA;Pagamento POS;-73,60
27.03.2022;28.03.2022;Stipendio 03/2022 ACME S.p.A.;Accredito stipendio;2.050,00
28.03.2022;28.03.2022;PAGAMENTO POS CONAD CITY;Pagamento POS;-39,46
28.03.2022;28.03.2022;Giroconto verso Fineco c/c 0012345678 - risparmio mensile;Giroconto;-1.500,00
30.03.2022;30.03.2022;PAGAMENTO POS LIDL ITALIA;Pagamento POS;-68,88
30.03.2022;30.03.2022;PAGAMENTO POS COOP LOMBARDIA;Pagamento POS;-104,87
31.03.2022;31.03.2022;PAGAMENTO POS CINEMA ANTEO;Pagamento POS;-16,87
01.04.2022;01.04.2022;PAGAMENTO POS CONAD CITY;Pagamento POS;-34,07
01.04.2022;01.04.2022;Bonifico a IMMOBILIARE CASA BELLA SRL per AFFITTO 04/2022;Bonifico SEPA;-650,00
03.04.2022;03.04.2022;PAGAMENTO POS CINEMA ANTEO;Pagamento POS;-19,06
03.04.2022;03.04.2022;Palestra FitActive abbonamento;Addebito SDD;-39,90
03.04.2022;03.04.2022;PAGAMENTO POS COOP LOMBARDIA;Pagamento POS;-95,28
06.04.2022;06.04.2022;NETFLIX.COM AMSTERDAM;Pagamento carta;-12,99
08.04.2022;08.04.2022;TIM fibra casa;Addebito SDD;-29,90
08.04.2022;08.04.2022;PAGAMENTO POS Q8 VIA EMILIA;Pagamento POS;-53,01
08.04.2022;08.04.2022;PAGAMENTO POS GOMMISTA FERRARI cambio gomme;Pagamento POS;-66,49
09.04.2022;09.04.2022;PAGAMENTO POS CONAD CITY;Pagamento POS;-9,93
09.04.2022;09.04.2022;PAGAMENTO POS CONAD CITY;Pagamento POS;-40,79
09.04.2022;09.04.2022;PAGAMENTO POS ENI STATION 1043;Pagamento POS;-46,66
10.04.2022;11.04.2022;Stipendio 04/2022 STUDIO MEDICO SALUS - Laura Bianchi;Accredito stipendio;1.150,00
11.04.2022;11.04.2022;AMAZON EU SARL;Pagamento carta;-32,05
12.04.2022;12.04.2022;Enel Energia bolletta luce e gas;Addebito SDD;-66,84
14.04.2022;14.04.2022;PAGAMENTO POS SUSHI KO;Pagamento POS;-58,92
18.04.2022;18.04.2022;Iliad ricarica mobile;Addebito SDD;-9,99
18.04.2022;18.04.2022;PAGAMENTO POS DELIVEROO ITALY;Pagamento POS;-30,04
20.04.2022;20.04.2022;Acquedotto MM SpA bolletta acqua;Addebito SDD;-32,23
25.04.2022;25.04.2022;PAGAMENTO POS CINEMA ANTEO;Pagamento POS;-10,43
26.04.2022;26.04.2022;PAGAMENTO POS BAR CENTRALE;Pagamento POS;-4,56
27.04.2022;28.04.2022;Stipendio 04/2022 ACME S.p.A.;Accredito stipendio;2.050,00
27.04.2022;27.04.2022;PAGAMENTO POS ESSELUNGA MILANO;Pagamento POS;-48,24
27.04.2022;27.04.2022;MEDIAWORLD;Pagamento carta;-128,37
28.04.2022;28.04.2022;Giroconto verso Fineco c/c 0012345678 - risparmio mensile;Giroconto;-1.500,00
29.04.2022;29.04.2022;PAGAMENTO POS LIDL ITALIA;Pagamento POS;-31,20
29.04.2022;29.04.2022;PAGAMENTO POS IP VIALE FORLANINI;Pagamento POS;-61,61
01.05.2022;01.05.2022;Bonifico a IMMOBILIARE CASA BELLA SRL per AFFITTO 05/2022;Bonifico SEPA;-650,00
02.05.2022;02.05.2022;PAGAMENTO POS COOP LOMBARDIA;Pagamento POS;-65,50
03.05.2022;03.05.2022;Palestra FitActive abbonamento;Addebito SDD;-39,90
06.05.2022;06.05.2022;NETFLIX.COM AMSTERDAM;Pagamento carta;-12,99
08.05.2022;08.05.2022;TIM fibra casa;Addebito SDD;-29,90
09.05.2022;09.05.2022;PAGAMENTO POS DELIVEROO ITALY;Pagamento POS;-36,28
10.05.2022;11.05.2022;Stipendio 05/2022 STUDIO MEDICO SALUS - Laura Bianchi;Accredito stipendio;1.150,00
10.05.2022;10.05.2022;PAGAMENTO POS CONAD CITY;Pagamento POS;-9,00
11.05.2022;11.05.2022;PAGAMENTO POS LIDL ITALIA;Pagamento POS;-69,82
12.05.2022;12.05.2022;Enel Energia bolletta luce e gas;Addebito SDD;-64,01
12.05.2022;12.05.2022;PAGAMENTO POS COOP LOMBARDIA;Pagamento POS;-76,74
13.05.2022;13.05.2022;PAGAMENTO POS SUSHI KO;Pagamento POS;-60,76
14.05.2022;14.05.2022;PAGAMENTO POS RISTORANTE DA LUIGI;Pagamento POS;-38,94
15.05.2022;15.05.2022;PAGAMENTO POS PIZZERIA NAPOLI;Pagamento POS;-26,38
16.05.2022;16.05.2022;PAGAMENTO POS FARMACIA COMUNALE 3;Pagamento POS;-24,36
17.05.2022;17.05.2022;PAGAMENTO POS PIZZERIA NAPOLI;Pagamento POS;-46,00
17.05.2022;17.05.2022;PAGAMENTO POS IP VIALE FORLANINI;Pagamento POS;-60,16
18.05.2022;18.05.2022;Iliad ricarica mobile;Addebito SDD;-9,99
18.05.2022;18.05.2022;AMAZON EU SARL;Pagamento carta;-47,49
20.05.2022;20.05.2022;Bollo auto Regione Lombardia;Pagamento PagoPA;-231,40
21.05.2022;21.05.2022;PAGAMENTO POS CONAD CITY;Pagamento POS;-13,18
21.05.2022;21.05.2022;PAGAMENTO POS DELIVEROO ITALY;Pagamento POS;-31,40
24.05.2022;24.05.2022;PAGAMENTO POS CONAD CITY;Pagamento POS;-43,61
25.05.2022;25.05.2022;PAGAMENTO POS ESSELUNGA MILANO;Pagamento POS;-69,51
26.05.2022;26.05.2022;PAGAMENTO POS ESSELUNGA MILANO;Pagamento POS;-91,04
27.05.2022;28.05.2022;Stipendio 05/2022 ACME S.p.A.;Accredito stipendio;2.050,00
28.05.2022;28.05.2022;PAGAMENTO POS IP VIALE FORLANINI;Pagamento POS;-42,30
28.05.2022;28.05.2022;Giroconto verso Fineco c/c 0012345678 - risparmio mensile;Giroconto;-1.500,00
30.05.2022;30.05.2022;PAGAMENTO POS DELIVEROO ITALY;Pagamento POS;-38,95
30.05.2022;30.05.2022;F24 TARI Comune di Milano;Pagamento F24;-142,00
01.06.2022;01.06.2022;Bonifico a IMMOBILIARE CASA BELLA SRL per AFFITTO 06/2022;Bonifico SEPA;-650,00
03.06.2022;03.06.2022;Palestra FitActive abbonamento;Addebito SDD;-39,90
06.06.2022;06.06.2022;NETFLIX.COM AMSTERDAM;Pagamento carta;-12,99
06.06.2022;06.06.2022;PAGAMENTO POS ESSELUNGA MILANO;Pagamento POS;-119,56
08.06.2022;08.06.2022;TIM fibra casa;Addebito SDD;-29,90
10.06.2022;11.06.2022;Stipendio 06/2022 STUDIO MEDICO SALUS - Laura Bianchi;Accredito stipendio;1.150,00
11.06.2022;11.06.2022;PAGAMENTO POS Q8 VIA EMILIA;Pagamento POS;-51,66
12.06.2022;12.06.2022;PAGAMENTO POS CINEMA ANTEO;Pagamento POS;-14,69
12.06.2022;12.06.2022;Enel Energia bolletta luce e gas;Addebito SDD;-68,30
13.06.2022;13.06.2022;PAGAMENTO POS RISTORANTE DA LUIGI;Pagamento POS;-74,94
15.06.2022;15.06.2022;PAGAMENTO POS CONAD CITY;Pagamento POS;-19,07
15.06.2022;15.06.2022;PAGAMENTO POS ENI STATION 1043;Pagamento POS;-73,01
16.06.2022;16.06.2022;PAGAMENTO POS PIZZERIA NAPOLI;Pagamento POS;-41,33
16.06.2022;16.06.2022;AMAZON EU SARL;Pagamento carta;-89,69
18.06.2022;18.06.2022;Iliad ricarica mobile;Addebito SDD;-9,99
20.06.2022;20.06.2022;Acquedotto MM SpA bolletta acqua;Addebito SDD;-49,48
21.06.2022;22.06.2022;Bonifico da STUDIO BIANCHI SRL - consulenza occasionale;Bonifico in entrata;600,00
21.06.2022;21.06.2022;PAGAMENTO POS COOP LOMBARDIA;Pagamento POS;-37,69
22.06.2022;22.06.2022;LIBRERIA FELTRINELLI;Pagamento carta;-32,69
22.06.2022;22.06.2022;PAGAMENTO POS ESSELUNGA MILANO;Pagamento POS;-125,74
23.06.2022;23.06.2022;PAGAMENTO POS ESSELUNGA MILANO;Pagamento POS;-96,85
24.06.2022;24.06.2022;PAGAMENTO POS ESSELUNGA MILANO;Pagamento POS;-79,78
25.06.2022;25.06.2022;PAGAMENTO POS CINEMA ANTEO;Pagamento POS;-16,17
26.06.2022;26.06.2022;PAGAMENTO POS PIZZERIA NAPOLI;Pagamento POS;-44,98
27.06.2022;28.06.2022;Stipendio 06/2022 ACME S.p.A.;Accredito stipendio;2.050,00
28.06.2022;28.06.2022;PAGAMENTO POS COOP LOMBARDIA;Pagamento POS;-106,72
28.06.2022;28.06.2022;Giroconto verso Fineco c/c 0012345678 - risparmio mensile;Giroconto;-1.500,00
01.07.2022;01.07.2022;PAGAMENTO POS Q8 VIA EMILIA;Pagamento POS;-42,07
01.07.2022;01.07.2022;Bonifico a IMMOBILIARE CASA BELLA SRL per AFFITTO 07/2022;Bonifico SEPA;-650,00
02.07.2022;02.07.2022;PAGAMENTO POS ESSELUNGA MILANO;Pagamento POS;-110,76
03.07.2022;03.07.2022;Palestra FitActive abbonamento;Addebito SDD;-39,90
05.07.2022;05.07.2022;PAGAMENTO POS CONAD CITY;Pagamento POS;-26,68
06.07.2022;06.07.2022;NETFLIX.COM AMSTERDAM;Pagamento carta;-12,99
08.07.2022;08.07.2022;PAGAMENTO POS CINEMA ANTEO;Pagamento POS;-16,50
08.07.2022;08.07.2022;TIM fibra casa;Addebito SDD;-29,90
08.07.2022;08.07.2022;PAGAMENTO POS SUSHI KO;Pagamento POS;-66,66
10.07.2022;11.07.2022;Stipendio 07/2022 STUDIO MEDICO SALUS - Laura Bianchi;Accredito stipendio;1.150,00
12.07.2022;12.07.2022;MEDIAWORLD;Pagamento carta;-37,17
12.07.2022;12.07.2022;Enel Energia bolletta luce e gas;Addebito SDD;-73,12
14.07.2022;14.07.2022;PAGAMENTO POS BAR CENTRALE;Pagamento POS;-3,23
16.07.2022;16.07.2022;PAGAMENTO POS IP VIALE FORLANINI;Pagamento POS;-52,41
18.07.2022;18.07.2022;Iliad ricarica mobile;Addebito SDD;-9,99
19.07.2022;19.07.2022;PAGAMENTO POS DELIVEROO ITALY;Pagamento POS;-32,94
19.07.2022;19.07.2022;PAGAMENTO POS SUSHI KO;Pagamento POS;-43,64
23.07.2022;23.07.2022;PAGAMENTO POS BAR CENTRALE;Pagamento POS;-2,46
26.07.2022;26.07.2022;PAGAMENTO POS ESSELUNGA MILANO;Pagamento POS;-85,01
27.07.2022;28.07.2022;Stipendio 07/2022 ACME S.p.A.;Accredito stipendio;2.050,00
27.07.2022;28.07.2022;Rimborso 730/2022 ACME S.p.A.;Accredito stipendio;364,47
28.07.2022;28.07.2022;Giroconto verso Fineco c/c 0012345678 - risparmio mensile;Giroconto;-1.500,00
01.08.2022;01.08.2022;PAGAMENTO POS Q8 VIA EMILIA;Pagamento POS;-67,80
01.08.2022;01.08.2022;Bonifico a IMMOBILIARE CASA BELLA SRL per AFFITTO 08/2022;Bonifico SEPA;-650,00
03.08.2022;03.08.2022;PAGAMENTO POS LIDL ITALIA;Pagamento POS;-56,59
04.08.2022;04.08.2022;PAGAMENTO POS COOP LOMBARDIA;Pagamento POS;-83,68
06.08.2022;06.08.2022;NETFLIX.COM AMSTERDAM;Pagamento carta;-12,99
08.08.2022;08.08.2022;TIM fibra casa;Addebito SDD;-29,90
09.08.2022;09.08.2022;PAGAMENTO POS ENI STATION 1043;Pagamento POS;-69,90
10.08.2022;11.08.2022;Stipendio 08/2022 STUDIO MEDICO SALUS - Laura Bianchi;Accredito stipendio;1.150,00
12.08.2022;13.08.2022;Bonifico da STUDIO BIANCHI SRL - consulenza occasionale;Bonifico in entrata;350,00
12.08.2022;12.08.2022;Enel Energia bolletta luce e gas;Addebito SDD;-68,21
15.08.2022;15.08.2022;PAGAMENTO POS SUSHI KO;Pagamento POS;-57,42
18.08.2022;18.08.2022;Iliad ricarica mobile;Addebito SDD;-9,99
20.08.2022;20.08.2022;Acquedotto MM SpA bolletta acqua;Addebito SDD;-37,39
25.08.2022;25.08.2022;PAGAMENTO POS BAR CENTRALE;Pagamento POS;-7,20
27.08.2022;28.08.2022;Stipendio 08/2022 ACME S.p.A.;Accredito stipendio;2.050,00
27.08.2022;27.08.2022;PAGAMENTO POS LIDL ITALIA;Pagamento POS;-36,84
28.08.2022;28.08.2022;Giroconto verso Fineco c/c 0012345678 - risparmio mensile;Giroconto;-1.500,00
29.08.2022;29.08.2022;PAGAMENTO POS ENI STATION 1043;Pagamento POS;-63,87
30.08.2022;30.08.2022;PAGAMENTO POS BAR CENTRALE;Pagamento POS;-6,11
31.08.2022;31.08.2022;PAGAMENTO POS LIDL ITALIA;Pagamento POS;-29,62
01.09.2022;01.09.2022;Bonifico a IMMOBILIARE CASA BELLA SRL per AFFITTO 09/2022;Bonifico SEPA;-650,00
03.09.2022;03.09.2022;PAGAMENTO POS CINEMA ANTEO;Pagamento POS;-14,07
03.09.2022;03.09.2022;Palestra FitActive abbonamento;Addebito SDD;-39,90
05.09.2022;05.09.2022;PAGAMENTO POS ENI STATION 1043;Pagamento POS;-56,88
06.09.2022;06.09.2022;NETFLIX.COM AMSTERDAM;Pagamento carta;-12,99
06.09.2022;06.09.2022;PAGAMENTO POS PIZZERIA NAPOLI;Pagamento POS;-40,57
06.09.2022;06.09.2022;PAGAMENTO POS LIDL ITALIA;Pagamento POS;-63,90
08.09.2022;08.09.2022;TIM fibra casa;Addebito SDD;-29,90
09.09.2022;09.09.2022;MEDIAWORLD;Pagamento carta;-175,16
10.09.2022;11.09.2022;Stipendio 09/2022 STUDIO MEDICO SALUS - Laura Bianchi;Accredito stipendio;1.150,00
11.09.2022;11.09.2022;IKEA CORSICO;Pagamento carta;-24,45
11.09.2022;11.09.2022;PAGAMENTO POS DELIVEROO ITALY;Pagamento POS;-37,56
11.09.2022;11.09.2022;PAGAMENTO POS RISTORANTE DA LUIGI;Pagamento POS;-93,54
12.09.2022;12.09.2022;Enel Energia bolletta luce e gas;Addebito SDD;-98,04
15.09.2022;15.09.2022;PAGAMENTO POS CONAD CITY;Pagamento POS;-8,40
16.09.2022;16.09.2022;LIBRERIA FELTRINELLI;Pagamento carta;-28,12
17.09.2022;17.09.2022;PAGAMENTO POS RISTORANTE DA LUIGI;Pagamento POS;-59,03
17.09.2022;17.09.2022;PAGAMENTO POS Q8 VIA EMILIA;Pagamento POS;-64,26
18.09.2022;18.09.2022;Iliad ricarica mobile;Addebito SDD;-9,99
18.09.2022;18.09.2022;PAGAMENTO POS CONAD CITY;Pagamento POS;-13,91
19.09.2022;19.09.2022;PAGAMENTO POS BAR CENTRALE;Pagamento POS;-2,82
21.09.2022;21.09.2022;PAGAMENTO POS COOP LOMBARDIA;Pagamento POS;-89,19
21.09.2022;21.09.2022;Bonifico a CARROZZERIA LUCCHINI riparazione auto;Bonifico SEPA;-780,00
24.09.2022;24.09.2022;PAGAMENTO POS CINEMA ANTEO;Pagamento POS;-11,25
26.09.2022;26.09.2022;PAGAMENTO POS FARMACIA COMUNALE 3;Pagamento POS;-23,69
26.09.2022;26.09.2022;PAGAMENTO POS CONAD CITY;Pagamento POS;-33,22
27.09.2022;28.09.2022;Stipendio 09/2022 ACME S.p.A.;Accredito stipendio;2.050,00
28.09.2022;28.09.2022;PAGAMENTO POS ESSELUNGA MILANO;Pagamento POS;-37,46
28.09.2022;28.09.2022;Giroconto verso Fineco c/c 0012345678 - risparmio mensile;Giroconto;-1.500,00
29.09.2022;29.09.2022;PAGAMENTO POS ESSELUNGA MILANO;Pagamento POS;-89,21
01.10.2022;01.10.2022;Bonifico a IMMOBILIARE CASA BELLA SRL per AFFITTO 10/2022;Bonifico SEPA;-650,00
02.10.2022;02.10.2022;PAGAMENTO POS CONAD CITY;Pagamento POS;-21,79
03.10.2022;03.10.2022;PAGAMENTO POS CONAD CITY;Pagamento POS;-28,97
03.10.2022;03.10.2022;Palestra FitActive abbonamento;Addebito SDD;-39,90
03.10.2022;03.10.2022;PAGAMENTO POS ENI STATION 1043;Pagamento POS;-50,95
04.10.2022;04.10.2022;PAGAMENTO POS LIDL ITALIA;Pagamento POS;-55,29
05.10.2022;05.10.2022;PAGAMENTO POS CINEMA ANTEO;Pagamento POS;-11,50
05.10.2022;05.10.2022;AMAZON EU SARL;Pagamento carta;-72,35
06.10.2022;06.10.2022;NETFLIX.COM AMSTERDAM;Pagamento carta;-12,99
07.10.2022;07.10.2022;PAGAMENTO POS LIDL ITALIA;Pagamento POS;-18,22
08.10.2022;08.10.2022;TIM fibra casa;Addebito SDD;-29,90
10.10.2022;11.10.2022;Stipendio 10/2022 STUDIO MEDICO SALUS - Laura Bianchi;Accredito stipendio;1.150,00
10.10.2022;10.10.2022;PAGAMENTO POS CINEMA ANTEO;Pagamento POS;-13,39
11.10.2022;11.10.2022;PAGAMENTO POS COOP LOMBARDIA;Pagamento POS;-60,28
12.10.2022;12.10.2022;Enel Energia bolletta luce e gas;Addebito SDD;-118,78
14.10.2022;14.10.2022;PAGAMENTO POS CONAD CITY;Pagamento POS;-40,24
14.10.2022;14.10.2022;PAGAMENTO POS IP VIALE FORLANINI;Pagamento POS;-55,63
15.10.2022;15.10.2022;PAGAMENTO POS DELIVEROO ITALY;Pagamento POS;-39,31
15.10.2022;15.10.2022;PAGAMENTO POS IP VIALE FORLANINI;Pagamento POS;-57,93
18.10.2022;18.10.2022;Iliad ricarica mobile;Addebito SDD;-9,99
20.10.2022;20.10.2022;Acquedotto MM SpA bolletta acqua;Addebito SDD;-55,25
27.10.2022;28.10.2022;Stipendio 10/2022 ACME S.p.A.;Accredito stipendio;2.050,00
28.10.2022;28.10.2022;Giroconto verso Fineco c/c 0012345678 - risparmio mensile;Giroconto;-1.500,00
29.10.2022;29.10.2022;PAGAMENTO POS LIDL ITALIA;Pagamento POS;-45,19
30.10.2022;30.10.2022;PAGAMENTO POS FARMACIA COMUNALE 3;Pagamento POS;-34,78
01.11.2022;01.11.2022;Bonifico a IMMOBILIARE CASA BELLA SRL per AFFITTO 11/2022;Bonifico SEPA;-650,00
02.11.2022;02.11.2022;PAGAMENTO POS SUSHI KO;Pagamento POS;-59,03
03.11.2022;03.11.2022;Palestra FitActive abbonamento;Addebito SDD;-39,90
04.11.2022;04.11.2022;PAGAMENTO POS CONAD CITY;Pagamento POS;-25,89
04.11.2022;04.11.2022;PAGAMENTO POS DENTISTA DR. VERDI pulizia;Pagamento POS;-165,00
05.11.2022;05.11.2022;PAGAMENTO POS IP VIALE FORLANINI;Pagamento POS;-69,89
06.11.2022;06.11.2022;NETFLIX.COM AMSTERDAM;Pagamento carta;-12,99
08.11.2022;08.11.2022;TIM fibra casa;Addebito SDD;-29,90
09.11.2022;09.11.2022;PAGAMENTO POS IP VIALE FORLANINI;Pagamento POS;-59,79
10.11.2022;11.11.2022;Stipendio 11/2022 STUDIO MEDICO SALUS - Laura Bianchi;Accredito stipendio;1.150,00
12.11.2022;12.11.2022;Enel Energia bolletta luce e gas;Addebito SDD;-322,85
14.11.2022;14.11.2022;PAGAMENTO POS GOMMISTA FERRARI cambio gomme;Pagamento POS;-77,92
14.11.2022;14.11.2022;PAGAMENTO POS RISTORANTE DA LUIGI;Pagamento POS;-80,20
15.11.2022;16.11.2022;Bonifico da STUDIO BIANCHI SRL - consulenza occasionale;Bonifico in entrata;350,00
16.11.2022;16.11.2022;PAGAMENTO POS DELIVEROO ITALY;Pagamento POS;-20,71
16.11.2022;16.11.2022;DECATHLON;Pagamento carta;-82,81
16.11.2022;16.11.2022;PAGAMENTO POS COOP LOMBARDIA;Pagamento POS;-104,82
17.11.2022;17.11.2022;LIBRERIA FELTRINELLI;Pagamento carta;-10,46
17.11.2022;17.11.2022;PAGAMENTO POS ESSELUNGA MILANO;Pagamento POS;-41,84
18.11.2022;18.11.2022;Iliad ricarica mobile;Addebito SDD;-9,99
18.11.2022;18.11.2022;PAGAMENTO POS FARMACIA COMUNALE 3;Pagamento POS;-25,41
19.11.2022;19.11.2022;PAGAMENTO POS PIZZERIA NAPOLI;Pagamento POS;-38,24
21.11.2022;21.11.2022;PAGAMENTO POS CONAD CITY;Pagamento POS;-9,69
24.11.2022;24.11.2022;PAGAMENTO POS LIDL ITALIA;Pagamento POS;-27,43
24.11.2022;24.11.2022;PAGAMENTO POS Q8 VIA EMILIA;Pagamento POS;-67,55
27.11.2022;28.11.2022;Stipendio 11/2022 ACME S.p.A.;Accredito stipendio;2.050,00
28.11.2022;28.11.2022;MEDIAWORLD;Pagamento carta;-157,05
28.11.2022;28.11.2022;Giroconto verso Fineco c/c 0012345678 - risparmio mensile;Giroconto;-1.500,00
30.11.2022;30.11.2022;PAGAMENTO POS COOP LOMBARDIA;Pagamento POS;-65,26
30.11.2022;30.11.2022;F24 TARI Comune di Milano;Pagamento F24;-138,00
01.12.2022;01.12.2022;Bonifico a IMMOBILIARE CASA BELLA SRL per AFFITTO 12/2022;Bonifico SEPA;-650,00
03.12.2022;03.12.2022;Palestra FitActive abbonamento;Addebito SDD;-39,90
03.12.2022;03.12.2022;PAGAMENTO POS ESSELUNGA MILANO;Pagamento POS;-132,04
03.12.2022;03.12.2022;PAGAMENTO POS AMAZON EU SARL regali di Natale;Pagamento POS;-132,50
04.12.2022;04.12.2022;PAGAMENTO POS PROFUMERIA DOUGLAS regali di Natale;Pagamento POS;-102,12
05.12.2022;05.12.2022;PAGAMENTO POS SUSHI KO;Pagamento POS;-32,85
06.12.2022;06.12.2022;NETFLIX.COM AMSTERDAM;Pagamento carta;-12,99
08.12.2022;08.12.2022;PAGAMENTO POS CONAD CITY;Pagamento POS;-23,74
08.12.2022;08.12.2022;TIM fibra casa;Addebito SDD;-29,90
08.12.2022;08.12.2022;PAGAMENTO POS COOP LOMBARDIA;Pagamento POS;-105,17
10.12.2022;11.12.2022;Stipendio 12/2022 STUDIO MEDICO SALUS - Laura Bianchi;Accredito stipendio;1.150,00
11.12.2022;11.12.2022;PAGAMENTO POS BAR CENTRALE;Pagamento POS;-5,84
12.12.2022;12.12.2022;Enel Energia bolletta luce e gas;Addebito SDD;-218,98
13.12.2022;13.12.2022;PAGAMENTO POS RISTORANTE DA LUIGI;Pagamento POS;-55,46
15.12.2022;16.12.2022;Tredicesima 2022 STUDIO MEDICO SALUS - Laura Bianchi;Accredito stipendio;1.150,00
15.12.2022;15.12.2022;PAGAMENTO POS DELIVEROO ITALY;Pagamento POS;-33,54
16.12.2022;16.12.2022;PAGAMENTO POS COOP LOMBARDIA;Pagamento POS;-76,57
17.12.2022;17.12.2022;PAGAMENTO POS FELTRINELLI regali di Natale;Pagamento POS;-42,91
18.12.2022;19.12.2022;Tredicesima 2022 ACME S.p.A.;Accredito stipendio;1.886,00
18.12.2022;18.12.2022;Iliad ricarica mobile;Addebito SDD;-9,99
18.12.2022;18.12.2022;PAGAMENTO POS RISTORANTE DA LUIGI;Pagamento POS;-48,25
20.12.2022;20.12.2022;Acquedotto MM SpA bolletta acqua;Addebito SDD;-53,18
20.12.2022;20.12.2022;PAGAMENTO POS LA RINASCENTE MILANO regali di Natale;Pagamento POS;-144,77
20.12.2022;20.12.2022;Giroconto verso Fineco c/c 0012345678 - tredicesima;Giroconto;-1.000,00
21.12.2022;21.12.2022;PAGAMENTO POS LEGO STORE regali di Natale;Pagamento POS;-146,17
22.12.2022;22.12.2022;PAGAMENTO POS Q8 VIA EMILIA;Pagamento POS;-41,24
24.12.2022;24.12.2022;PAGAMENTO POS LIDL ITALIA;Pagamento POS;-25,90
25.12.2022;25.12.2022;PAGAMENTO POS ENI STATION 1043;Pagamento POS;-70,43
27.12.2022;28.12.2022;Stipendio 12/2022 ACME S.p.A.;Accredito stipendio;2.050,00
27.12.2022;27.12.2022;PAGAMENTO POS ESSELUNGA MILANO;Pagamento POS;-50,20
27.12.2022;27.12.2022;PAGAMENTO POS ESSELUNGA MILANO;Pagamento POS;-68,78
28.12.2022;28.12.2022;Giroconto verso Fineco c/c 0012345678 - risparmio mensile;Giroconto;-1.500,00
29.12.2022;29.12.2022;DECATHLON;Pagamento carta;-25,67
29.12.2022;29.12.2022;PAGAMENTO POS COOP LOMBARDIA;Pagamento POS;-61,59
29.12.2022;29.12.2022;PAGAMENTO POS SUSHI KO;Pagamento POS;-61,89
29.12.2022;29.12.2022;PAGAMENTO POS RISTORANTE DA LUIGI;Pagamento POS;-82,51
30.12.2022;30.12.2022;PAGAMENTO POS CONAD CITY;Pagamento POS;-34,67
30.12.2022;30.12.2022;IKEA CORSICO;Pagamento carta;-90,35
01.01.2023;01.01.2023;PAGAMENTO POS IP VIALE FORLANINI;Pagamento POS;-66,14
01.01.2023;01.01.2023;Bonifico a IMMOBILIARE CASA BELLA SRL per AFFITTO 01/2023;Bonifico SEPA;-680,00
02.01.2023;02.01.2023;PAGAMENTO POS CONAD CITY;Pagamento POS;-18,37
02.01.2023;02.01.2023;PAGAMENTO POS LIDL ITALIA;Pagamento POS;-78,18
03.01.2023;03.01.2023;Palestra FitActive abbonamento;Addebito SDD;-39,90
04.01.2023;04.01.2023;PAGAMENTO POS LIDL ITALIA;Pagamento POS;-71,71
06.01.2023;06.01.2023;NETFLIX.COM AMSTERDAM;Pagamento carta;-12,99
08.01.2023;08.01.2023;TIM fibra casa;Addebito SDD;-29,90
08.01.2023;08.01.2023;PAGAMENTO POS ENI STATION 1043;Pagamento POS;-70,13
10.01.2023;11.01.2023;Stipendio 01/2023 STUDIO MEDICO SALUS - Laura Bianchi;Accredito stipendio;1.180,00
11.01.2023;11.01.2023;PAGAMENTO POS RISTORANTE DA LUIGI;Pagamento POS;-46,79
12.01.2023;12.01.2023;PAGAMENTO POS LIDL ITALIA;Pagamento POS;-53,49
12.01.2023;12.01.2023;Enel Energia bolletta luce e gas;Addebito SDD;-265,44
13.01.2023;13.01.2023;PAGAMENTO POS RISTORANTE DA LUIGI;Pagamento POS;-66,86
14.01.2023;14.01.2023;PAGAMENTO POS CONAD CITY;Pagamento POS;-42,28
15.01.2023;15.01.2023;PAGAMENTO POS CONAD CITY;Pagamento POS;-20,17
17.01.2023;17.01.2023;AMAZON EU SARL;Pagamento carta;-92,06
18.01.2023;18.01.2023;Iliad ricarica mobile;Addebito SDD;-9,99
19.01.2023;19.01.2023;PAGAMENTO POS COOP LOMBARDIA;Pagamento POS;-65,34
20.01.2023;20.01.2023;PAGAMENTO POS CONAD CITY;Pagamento POS;-21,35
23.01.2023;23.01.2023;LIBRERIA FELTRINELLI;Pagamento carta;-32,17
24.01.2023;24.01.2023;MEDIAWORLD;Pagamento carta;-193,53
25.01.2023;25.01.2023;PAGAMENTO POS DELIVEROO ITALY;Pagamento POS;-35,18
25.01.2023;25.01.2023;PAGAMENTO POS Q8 VIA EMILIA;Pagamento POS;-49,45
27.01.2023;28.01.2023;Stipendio 01/2023 ACME S.p.A.;Accredito stipendio;2.150,00
28.01.2023;28.01.2023;Giroconto verso Fineco c/c 0012345678 - risparmio mensile;Giroconto;-1.500,00
31.01.2023;31.01.2023;DECATHLON;Pagamento carta;-42,70
01.02.2023;01.02.2023;Bonifico a IMMOBILIARE CASA BELLA SRL per AFFITTO 02/2023;Bonifico SEPA;-680,00
02.02.2023;02.02.2023;PAGAMENTO POS CINEMA ANTEO;Pagamento POS;-9,89
02.02.2023;02.02.2023;PAGAMENTO POS COOP LOMBARDIA;Pagamento POS;-39,49
03.02.2023;03.02.2023;Palestra FitActive abbonamento;Addebito SDD;-39,90
04.02.2023;04.02.2023;PAGAMENTO POS PIZZERIA NAPOLI;Pagamento POS;-41,60
04.02.2023;04.02.2023;PAGAMENTO POS LIDL ITALIA;Pagamento POS;-51,42
05.02.2023;05.02.2023;PAGAMENTO POS Q8 VIA EMILIA;Pagamento POS;-53,92
06.02.2023;06.02.2023;NETFLIX.COM AMSTERDAM;Pagamento carta;-12,99
07.02.2023;07.02.2023;PAGAMENTO POS RISTORANTE DA LUIGI;Pagamento POS;-87,11
07.02.2023;07.02.2023;PAGAMENTO POS COOP LOMBARDIA;Pagamento POS;-94,06
08.02.2023;08.02.2023;TIM fibra casa;Addebito SDD;-29,90
09.02.2023;09.02.2023;PAGAMENTO POS LIDL ITALIA;Pagamento POS;-78,46
10.02.2023;11.02.2023;Stipendio 02/2023 STUDIO MEDICO SALUS - Laura Bianchi;Accredito stipendio;1.180,00
10.02.2023;10.02.2023;PAGAMENTO POS COOP LOMBARDIA;Pagamento POS;-62,67
12.02.2023;12.02.2023;Enel Energia bolletta luce e gas;Addebito SDD;-293,44
13.02.2023;13.02.2023;PAGAMENTO POS CONAD CITY;Pagamento POS;-32,42
14.02.2023;14.02.2023;PAGAMENTO POS Q8 VIA EMILIA;Pagamento POS;-58,21
16.02.2023;16.02.2023;PAGAMENTO POS CINEMA ANTEO;Pagamento POS;-16,78
18.02.2023;18.02.2023;Iliad ricarica mobile;Addebito SDD;-9,99
18.02.2023;18.02.2023;PAGAMENTO POS CINEMA ANTEO;Pagamento POS;-21,16
18.02.2023;18.02.2023;PAGAMENTO POS COOP LOMBARDIA;Pagamento POS;-52,18
20.02.2023;20.02.2023;Acquedotto MM SpA bolletta acqua;Addebito SDD;-32,02
21.02.2023;21.02.2023;PAGAMENTO POS FARMACIA COMUNALE 3;Pagamento POS;-32,04
22.02.2023;22.02.2023;PAGAMENTO POS RISTORANTE DA LUIGI;Pagamento POS;-91,68
26.02.2023;26.02.2023;LIBRERIA FELTRINELLI;Pagamento carta;-28,15
27.02.2023;28.02.2023;Stipendio 02/2023 ACME S.p.A.;Accredito stipendio;2.150,00
27.02.2023;27.02.2023;PAGAMENTO POS COOP LOMBARDIA;Pagamento POS;-28,39
28.02.2023;28.02.2023;PAGAMENTO POS CONAD CITY;Pagamento POS;-20,16
28.02.2023;28.02.2023;AMAZON EU SARL;Pagamento carta;-52,29
28.02.2023;28.02.2023;Giroconto verso Fineco c/c 0012345678 - risparmio mensile;Giroconto;-1.500,00
01.03.2023;01.03.2023;PAGAMENTO POS COOP LOMBARDIA;Pagamento POS;-26,18
01.03.2023;01.03.2023;PAGAMENTO POS DELIVEROO ITALY;Pagamento POS;-34,75
01.03.2023;01.03.2023;Bonifico a IMMOBILIARE CASA BELLA SRL per AFFITTO 03/2023;Bonifico SEPA;-680,00
03.03.2023;04.03.2023;Bonifico da privato - vendita usato Subito.it;Bonifico in entrata;80,00
03.03.2023;03.03.2023;Palestra FitActive abbonamento;Addebito SDD;-39,90
05.03.2023;05.03.2023;PAGAMENTO POS PIZZERIA NAPOLI;Pagamento POS;-21,95
06.03.2023;06.03.2023;NETFLIX.COM AMSTERDAM;Pagamento carta;-12,99
06.03.2023;06.03.2023;PAGAMENTO POS ESSELUNGA MILANO;Pagamento POS;-102,38
07.03.2023;07.03.2023;PAGAMENTO POS IP VIALE FORLANINI;Pagamento POS;-62,21
08.03.2023;08.03.2023;PAGAMENTO POS LIDL ITALIA;Pagamento POS;-24,37
08.03.2023;08.03.2023;TIM fibra casa;Addebito SDD;-29,90
10.03.2023;11.03.2023;Stipendio 03/2023 STUDIO MEDICO SALUS - Laura Bianchi;Accredito stipendio;1.180,00
10.03.2023;10.03.2023;PAGAMENTO POS CONAD CITY;Pagamento POS;-37,91
10.03.2023;10.03.2023;PAGAMENTO POS ASSISTENZA TECNICA ELETTRODOMESTICI;Pagamento POS;-80,00
12.03.2023;12.03.2023;Enel Energia bolletta luce e gas;Addebito SDD;-232,47
13.03.2023;13.03.2023;PAGAMENTO POS LIDL ITALIA;Pagamento POS;-45,25
14.03.2023;14.03.2023;PAGAMENTO POS UNIEURO lavatrice Samsung 9 kg;Pagamento POS;-549,00
15.03.2023;15.03.2023;IKEA CORSICO;Pagamento carta;-114,82
15.03.2023;15.03.2023;UnipolSai polizza RC auto annuale;Addebito SDD;-550,00
17.03.2023;17.03.2023;PAGAMENTO POS CINEMA ANTEO;Pagamento POS;-10,63
18.03.2023;18.03.2023;Iliad ricarica mobile;Addebito SDD;-9,99
18.03.2023;18.03.2023;PAGAMENTO POS COOP LOMBARDIA;Pagamento POS;-61,89
19.03.2023;19.03.2023;PAGAMENTO POS CINEMA ANTEO;Pagamento POS;-20,89
20.03.2023;20.03.2023;PAGAMENTO POS LIDL ITALIA;Pagamento POS;-58,74
23.03.2023;23.03.2023;PAGAMENTO POS Q8 VIA EMILIA;Pagamento POS;-56,06
27.03.2023;28.03.2023;Stipendio 03/2023 ACME S.p.A.;Accredito stipendio;2.150,00
28.03.2023;28.03.2023;PAGAMENTO POS CONAD CITY;Pagamento POS;-19,06
28.03.2023;28.03.2023;PAGAMENTO POS FARMACIA COMUNALE 3;Pagamento POS;-47,53
28.03.2023;28.03.2023;Giroconto verso Fineco c/c 0012345678 - risparmio mensile;Giroconto;-1.500,00
31.03.2023;31.03.2023;PAGAMENTO POS COOP LOMBARDIA;Pagamento POS;-46,51
31.03.2023;31.03.2023;PAGAMENTO POS Q8 VIA EMILIA;Pagamento POS;-57,39
01.04.2023;01.04.2023;PAGAMENTO POS BAR CENTRALE;Pagamento POS;-4,67
01.04.2023;01.04.2023;PAGAMENTO POS CINEMA ANTEO;Pagamento POS;-21,12
01.04.2023;01.04.2023;Bonifico a IMMOBILIARE CASA BELLA SRL per AFFITTO 04/2023;Bonifico SEPA;-680,00
02.04.2023;02.04.2023;PAGAMENTO POS CONAD CITY;Pagamento POS;-10,22
03.04.2023;03.04.2023;Palestra FitActive abbonamento;Addebito SDD;-39,90
05.04.2023;05.04.2023;PAGAMENTO POS DELIVEROO ITALY;Pagamento POS;-27,48
05.04.2023;05.04.2023;PAGAMENTO POS GOMMISTA FERRARI cambio gomme;Pagamento POS;-57,98
06.04.2023;06.04.2023;NETFLIX.COM AMSTERDAM;Pagamento carta;-12,99
07.04.2023;07.04.2023;PAGAMENTO POS CONAD CITY;Pagamento POS;-14,30
07.04.2023;07.04.2023;PAGAMENTO POS Q8 VIA EMILIA;Pagamento POS;-54,29
07.04.2023;07.04.2023;PAGAMENTO POS LIDL ITALIA;Pagamento POS;-58,98
08.04.2023;08.04.2023;TIM fibra casa;Addebito SDD;-29,90
10.04.2023;11.04.2023;Stipendio 04/2023 STUDIO MEDICO SALUS - Laura Bianchi;Accredito stipendio;1.180,00
12.04.2023;12.04.2023;Enel Energia bolletta luce e gas;Addebito SDD;-55,58
13.04.2023;13.04.2023;PAGAMENTO POS COOP LOMBARDIA;Pagamento POS;-50,01
17.04.2023;17.04.2023;LIBRERIA FELTRINELLI;Pagamento carta;-25,53
18.04.2023;18.04.2023;Iliad ricarica mobile;Addebito SDD;-9,99
19.04.2023;19.04.2023;AMAZON EU SARL;Pagamento carta;-90,19
20.04.2023;20.04.2023;Acquedotto MM SpA bolletta acqua;Addebito SDD;-38,61
21.04.2023;21.04.2023;PAGAMENTO POS LIDL ITALIA;Pagamento POS;-55,31
23.04.2023;23.04.2023;PAGAMENTO POS ENI STATION 1043;Pagamento POS;-72,18
25.04.2023;25.04.2023;PAGAMENTO POS LIDL ITALIA;Pagamento POS;-48,19
25.04.2023;25.04.2023;PAGAMENTO POS COOP LOMBARDIA;Pagamento POS;-106,49
26.04.2023;26.04.2023;AMAZON EU SARL;Pagamento carta;-73,91
27.04.2023;28.04.2023;Stipendio 04/2023 ACME S.p.A.;Accredito stipendio;2.150,00
28.04.2023;28.04.2023;Giroconto verso Fineco c/c 0012345678 - risparmio mensile;Giroconto;-1.500,00
30.04.2023;30.04.2023;PAGAMENTO POS LIDL ITALIA;Pagamento POS;-79,39
01.05.2023;01.05.2023;Bonifico a IMMOBILIARE CASA BELLA SRL per AFFITTO 05/2023;Bonifico SEPA;-680,00
02.05.2023;02.05.2023;PAGAMENTO POS ESSELUNGA MILANO;Pagamento POS;-44,68
03.05.2023;03.05.2023;PAGAMENTO POS CONAD CITY;Pagamento POS;-8,99
03.05.2023;03.05.2023;Palestra FitActive abbonamento;Addebito SDD;-39,90
05.05.2023;05.05.2023;PAGAMENTO POS ESSELUNGA MILANO;Pagamento POS;-53,63
06.05.2023;06.05.2023;NETFLIX.COM AMSTERDAM;Pagamento carta;-12,99
08.05.2023;08.05.2023;TIM fibra casa;Addebito SDD;-29,90
10.05.2023;11.05.2023;Stipendio 05/2023 STUDIO MEDICO SALUS - Laura Bianchi;Accredito stipendio;1.180,00
12.05.2023;12.05.2023;PAGAMENTO POS COOP LOMBARDIA;Pagamento POS;-34,34
12.05.2023;12.05.2023;Enel Energia bolletta luce e gas;Addebito SDD;-73,53
14.05.2023;14.05.2023;PAGAMENTO POS ESSELUNGA MILANO;Pagamento POS;-59,14
14.05.2023;14.05.2023;PAGAMENTO POS SUSHI KO;Pagamento POS;-66,11
17.05.2023;17.05.2023;PAGAMENTO POS LIDL ITALIA;Pagamento POS;-34,65
18.05.2023;18.05.2023;PAGAMENTO POS BAR CENTRALE;Pagamento POS;-2,23
18.05.2023;18.05.2023;Iliad ricarica mobile;Addebito SDD;-9,99
18.05.2023;18.05.2023;PAGAMENTO POS CONAD CITY;Pagamento POS;-18,54
20.05.2023;20.05.2023;Bollo auto Regione Lombardia;Pagamento PagoPA;-231,40
21.05.2023;21.05.2023;PAGAMENTO POS Q8 VIA EMILIA;Pagamento POS;-65,76
22.05.2023;22.05.2023;PAGAMENTO POS DELIVEROO ITALY;Pagamento POS;-35,63
22.05.2023;22.05.2023;PAGAMENTO POS ESSELUNGA MILANO;Pagamento POS;-132,77
24.05.2023;24.05.2023;PAGAMENTO POS BAR CENTRALE;Pagamento POS;-2,55
26.05.2023;26.05.2023;DECATHLON;Pagamento carta;-21,68
27.05.2023;28.05.2023;Stipendio 05/2023 ACME S.p.A.;Accredito stipendio;2.150,00
28.05.2023;28.05.2023;Giroconto verso Fineco c/c 0012345678 - risparmio mensile;Giroconto;-1.500,00
29.05.2023;29.05.2023;PAGAMENTO POS COOP LOMBARDIA;Pagamento POS;-27,86
30.05.2023;30.05.2023;F24 TARI Comune di Milano;Pagamento F24;-151,00
31.05.2023;31.05.2023;PAGAMENTO POS IP VIALE FORLANINI;Pagamento POS;-64,83
01.06.2023;01.06.2023;AMAZON EU SARL;Pagamento carta;-57,60
01.06.2023;01.06.2023;Bonifico a IMMOBILIARE CASA BELLA SRL per AFFITTO 06/2023;Bonifico SEPA;-680,00
03.06.2023;03.06.2023;Palestra FitActive abbonamento;Addebito SDD;-39,90
03.06.2023;03.06.2023;PAGAMENTO POS Q8 VIA EMILIA;Pagamento POS;-62,58
05.06.2023;05.06.2023;PAGAMENTO POS LIDL ITALIA;Pagamento POS;-60,05
06.06.2023;06.06.2023;NETFLIX.COM AMSTERDAM;Pagamento carta;-12,99
06.06.2023;06.06.2023;PAGAMENTO POS COOP LOMBARDIA;Pagamento POS;-63,15
08.06.2023;08.06.2023;PAGAMENTO POS BAR CENTRALE;Pagamento POS;-4,72
08.06.2023;08.06.2023;TIM fibra casa;Addebito SDD;-29,90
08.06.2023;08.06.2023;PAGAMENTO POS SUSHI KO;Pagamento POS;-48,27
08.06.2023;08.06.2023;PAGAMENTO POS SUSHI KO;Pagamento POS;-68,66
10.06.2023;11.06.2023;Stipendio 06/2023 STUDIO MEDICO SALUS - Laura Bianchi;Accredito stipendio;1.180,00
10.06.2023;10.06.2023;PAGAMENTO POS IP VIALE FORLANINI;Pagamento POS;-49,13
11.06.2023;11.06.2023;PAGAMENTO POS BAR CENTRALE;Pagamento POS;-2,25
11.06.2023;11.06.2023;PAGAMENTO POS LIDL ITALIA;Pagamento POS;-65,58
12.06.2023;12.06.2023;Enel Energia bolletta luce e gas;Addebito SDD;-60,15
13.06.2023;13.06.2023;LIBRERIA FELTRINELLI;Pagamento carta;-31,38
18.06.2023;18.06.2023;Iliad ricarica mobile;Addebito SDD;-9,99
18.06.2023;18.06.2023;PAGAMENTO POS CONAD CITY;Pagamento POS;-21,10
18.06.2023;18.06.2023;PAGAMENTO POS ENI STATION 1043;Pagamento POS;-73,39
20.06.2023;21.06.2023;Giroconto da Fineco c/c 0012345678 - anticipo acquisto casa;Giroconto;15.000,00
20.06.2023;20.06.2023;Acquedotto MM SpA bolletta acqua;Addebito SDD;-33,37
20.06.2023;20.06.2023;PAGAMENTO POS ESSELUNGA MILANO;Pagamento POS;-99,26
25.06.2023;25.06.2023;PAGAMENTO POS SUSHI KO;Pagamento POS;-31,78
27.06.2023;28.06.2023;Stipendio 06/2023 ACME S.p.A.;Accredito stipendio;2.150,00
28.06.2023;28.06.2023;Bonifico a STUDIO NOTARILE ROSSI - anticipo e spese rogito;Bonifico SEPA;-14.500,00
29.06.2023;29.06.2023;PAGAMENTO POS RISTORANTE DA LUIGI;Pagamento POS;-53,27
29.06.2023;29.06.2023;Bonifico a TECNOCASA - provvigione agenzia;Bonifico SEPA;-1.850,00
30.06.2023;30.06.2023;PAGAMENTO POS CONAD CITY;Pagamento POS;-26,37
03.07.2023;03.07.2023;Palestra FitActive abbonamento;Addebito SDD;-39,90
03.07.2023;03.07.2023;PAGAMENTO POS LIDL ITALIA;Pagamento POS;-55,79
05.07.2023;05.07.2023;Rata mutuo prima casa n. 7788123 UniCredit;Addebito SDD;-784,32
06.07.2023;06.07.2023;NETFLIX.COM AMSTERDAM;Pagamento carta;-12,99
06.07.2023;06.07.2023;PAGAMENTO POS COOP LOMBARDIA;Pagamento POS;-55,91
08.07.2023;08.07.2023;PAGAMENTO POS CINEMA ANTEO;Pagamento POS;-10,70
08.07.2023;08.07.2023;TIM fibra casa;Addebito SDD;-29,90
09.07.2023;09.07.2023;PAGAMENTO POS CONAD CITY;Pagamento POS;-30,47
09.07.2023;09.07.2023;PAGAMENTO POS RISTORANTE DA LUIGI;Pagamento POS;-46,12
09.07.2023;09.07.2023;PAGAMENTO POS Q8 VIA EMILIA;Pagamento POS;-54,13
10.07.2023;11.07.2023;Giroconto da Fineco c/c 0012345678 - mobili casa nuova;Giroconto;3.500,00
10.07.2023;11.07.2023;Stipendio 07/2023 STUDIO MEDICO SALUS - Laura Bianchi;Accredito stipendio;1.180,00
10.07.2023;10.07.2023;AMAZON EU SARL;Pagamento carta;-45,27
10.07.2023;10.07.2023;PAGAMENTO POS IP VIALE FORLANINI;Pagamento POS;-54,69
10.07.2023;10.07.2023;Bonifico a CONDOMINIO VIA VERDI 12 rata 3/2023;Bonifico SEPA;-260,00
12.07.2023;12.07.2023;Enel Energia bolletta luce e gas;Addebito SDD;-77,00
12.07.2023;12.07.2023;PAGAMENTO POS IKEA CORSICO arredamento;Pagamento POS;-2.280,00
13.07.2023;13.07.2023;PAGAMENTO POS DELIVEROO ITALY;Pagamento POS;-35,23
18.07.2023;18.07.2023;Iliad ricarica mobile;Addebito SDD;-9,99
19.07.2023;19.07.2023;Bonifico a MONDO CONVENIENZA divano;Bonifico SEPA;-1.090,00
20.07.2023;21.07.2023;Bonifico da STUDIO BIANCHI SRL - consulenza occasionale;Bonifico in entrata;600,00
23.07.2023;23.07.2023;PAGAMENTO POS FARMACIA COMUNALE 3;Pagamento POS;-11,60
25.07.2023;25.07.2023;Bonifico a TRASLOCHI VELOCI SNC;Bonifico SEPA;-320,00
27.07.2023;28.07.2023;Stipendio 07/2023 ACME S.p.A.;Accredito stipendio;2.150,00
27.07.2023;28.07.2023;Rimborso 730/2023 ACME S.p.A.;Accredito stipendio;446,95
29.07.2023;29.07.2023;PAGAMENTO POS ESSELUNGA MILANO;Pagamento POS;-105,65
31.07.2023;31.07.2023;PAGAMENTO POS RISTORANTE DA LUIGI;Pagamento POS;-68,74
01.08.2023;01.08.2023;PAGAMENTO POS LIDL ITALIA;Pagamento POS;-27,75
01.08.2023;01.08.2023;PAGAMENTO POS LIDL ITALIA;Pagamento POS;-39,60
02.08.2023;02.08.2023;PAGAMENTO POS DELIVEROO ITALY;Pagamento POS;-19,85
03.08.2023;03.08.2023;PAGAMENTO POS CONAD CITY;Pagamento POS;-17,52
04.08.2023;04.08.2023;PAGAMENTO POS CINEMA ANTEO;Pagamento POS;-17,66
04.08.2023;04.08.2023;PAGAMENTO POS SUSHI KO;Pagamento POS;-66,27
05.08.2023;05.08.2023;Rata mutuo prima casa n. 7788123 UniCredit;Addebito SDD;-784,32
06.08.2023;06.08.2023;NETFLIX.COM AMSTERDAM;Pagamento carta;-12,99
07.08.2023;07.08.2023;DECATHLON;Pagamento carta;-21,13
08.08.2023;08.08.2023;TIM fibra casa;Addebito SDD;-29,90
10.08.2023;11.08.2023;Stipendio 08/2023 STUDIO MEDICO SALUS - Laura Bianchi;Accredito stipendio;1.180,00
12.08.2023;12.08.2023;Enel Energia bolletta luce e gas;Addebito SDD;-63,24
18.08.2023;18.08.2023;Iliad ricarica mobile;Addebito SDD;-9,99
19.08.2023;19.08.2023;PAGAMENTO POS SUSHI KO;Pagamento POS;-50,60
20.08.2023;20.08.2023;Acquedotto MM SpA bolletta acqua;Addebito SDD;-36,96
21.08.2023;21.08.2023;PAGAMENTO POS ENI STATION 1043;Pagamento POS;-46,82
22.08.2023;22.08.2023;PAGAMENTO POS DELIVEROO ITALY;Pagamento POS;-39,64
23.08.2023;23.08.2023;PAGAMENTO POS IP VIALE FORLANINI;Pagamento POS;-50,72
27.08.2023;28.08.2023;Stipendio 08/2023 ACME S.p.A.;Accredito stipendio;2.150,00
27.08.2023;27.08.2023;PAGAMENTO POS COOP LOMBARDIA;Pagamento POS;-71,93
28.08.2023;28.08.2023;PAGAMENTO POS CINEMA ANTEO;Pagamento POS;-19,26
28.08.2023;28.08.2023;Giroconto verso Fineco c/c 0012345678 - risparmio mensile;Giroconto;-1.500,00
29.08.2023;29.08.2023;AMAZON EU SARL;Pagamento carta;-83,19
01.09.2023;01.09.2023;PAGAMENTO POS COOP LOMBARDIA;Pagamento POS;-99,48
02.09.2023;02.09.2023;PAGAMENTO POS IP VIALE FORLANINI;Pagamento POS;-63,31
03.09.2023;03.09.2023;Palestra FitActive abbonamento;Addebito SDD;-39,90
05.09.2023;05.09.2023;PAGAMENTO POS PIZZERIA NAPOLI;Pagamento POS;-25,92
05.09.2023;05.09.2023;Rata mutuo prima casa n. 7788123 UniCredit;Addebito SDD;-784,32
06.09.2023;06.09.2023;NETFLIX.COM AMSTERDAM;Pagamento carta;-12,99
08.09.2023;08.09.2023;TIM fibra casa;Addebito SDD;-29,90
10.09.2023;11.09.2023;Stipendio 09/2023 STUDIO MEDICO SALUS - Laura Bianchi;Accredito stipendio;1.180,00
11.09.2023;11.09.2023;AMAZON EU SARL;Pagamento carta;-76,75
12.09.2023;12.09.2023;PAGAMENTO POS PIZZERIA NAPOLI;Pagamento POS;-46,00
12.09.2023;12.09.2023;Enel Energia bolletta luce e gas;Addebito SDD;-60,24
13.09.2023;13.09.2023;DECATHLON;Pagamento carta;-71,42
14.09.2023;14.09.2023;PAGAMENTO POS FARMACIA COMUNALE 3;Pagamento POS;-20,60
15.09.2023;15.09.2023;PAGAMENTO POS BAR CENTRALE;Pagamento POS;-5,88
16.09.2023;16.09.2023;PAGAMENTO POS ESSELUNGA MILANO;Pagamento POS;-122,83
17.09.2023;17.09.2023;PAGAMENTO POS CONAD CITY;Pagamento POS;-32,59
17.09.2023;17.09.2023;PAGAMENTO POS LIDL ITALIA;Pagamento POS;-39,22
18.09.2023;18.09.2023;Iliad ricarica mobile;Addebito SDD;-9,99
20.09.2023;20.09.2023;PAGAMENTO POS DELIVEROO ITALY;Pagamento POS;-24,72
20.09.2023;20.09.2023;PAGAMENTO POS RISTORANTE DA LUIGI;Pagamento POS;-90,47
21.09.2023;21.09.2023;PAGAMENTO POS CINEMA ANTEO;Pagamento POS;-21,71
21.09.2023;21.09.2023;PAGAMENTO POS ESSELUNGA MILANO;Pagamento POS;-107,52
23.09.2023;23.09.2023;PAGAMENTO POS Q8 VIA EMILIA;Pagamento POS;-54,65
26.09.2023;26.09.2023;PAGAMENTO POS COOP LOMBARDIA;Pagamento POS;-99,49
27.09.2023;28.09.2023;Stipendio 09/2023 ACME S.p.A.;Accredito stipendio;2.150,00
28.09.2023;28.09.2023;PAGAMENTO POS IP VIALE FORLANINI;Pagamento POS;-71,32
28.09.2023;28.09.2023;Giroconto verso Fineco c/c 0012345678 - risparmio mensile;Giroconto;-1.500,00
29.09.2023;29.09.2023;PAGAMENTO POS CINEMA ANTEO;Pagamento POS;-15,54
01.10.2023;01.10.2023;PAGAMENTO POS ESSELUNGA MILANO;Pagamento POS;-83,97
03.10.2023;03.10.2023;Palestra FitActive abbonamento;Addebito SDD;-39,90
05.10.2023;05.10.2023;Rata mutuo prima casa n. 7788123 UniCredit;Addebito SDD;-784,32
06.10.2023;06.10.2023;NETFLIX.COM AMSTERDAM;Pagamento carta;-12,99
08.10.2023;08.10.2023;TIM fibra casa;Addebito SDD;-29,90
08.10.2023;08.10.2023;PAGAMENTO POS ESSELUNGA MILANO;Pagamento POS;-81,96
09.10.2023;09.10.2023;PAGAMENTO POS COOP LOMBARDIA;Pagamento POS;-53,40
10.10.2023;11.10.2023;Stipendio 10/2023 STUDIO MEDICO SALUS - Laura Bianchi;Accredito stipendio;1.180,00
10.10.2023;10.10.2023;PAGAMENTO POS DELIVEROO ITALY;Pagamento POS;-19,89
10.10.2023;10.10.2023;Bonifico a CONDOMINIO VIA VERDI 12 rata 4/2023;Bonifico SEPA;-260,00
12.10.2023;12.10.2023;Enel Energia bolletta luce e gas;Addebito SDD;-66,09
13.10.2023;13.10.2023;PAGAMENTO POS BAR CENTRALE;Pagamento POS;-7,56
13.10.2023;13.10.2023;DECATHLON;Pagamento carta;-89,01
14.10.2023;14.10.2023;MEDIAWORLD;Pagamento carta;-26,72
17.10.2023;17.10.2023;PAGAMENTO POS CONAD CITY;Pagamento POS;-8,48
17.10.2023;17.10.2023;PAGAMENTO POS FARMACIA COMUNALE 3;Pagamento POS;-15,51
17.10.2023;17.10.2023;PAGAMENTO POS DELIVEROO ITALY;Pagamento POS;-19,75
17.10.2023;17.10.2023;PAGAMENTO POS IP VIALE FORLANINI;Pagamento POS;-68,50
18.10.2023;18.10.2023;Iliad ricarica mobile;Addebito SDD;-9,99
19.10.2023;19.10.2023;PAGAMENTO POS LIDL ITALIA;Pagamento POS;-36,41
20.10.2023;20.10.2023;Acquedotto MM SpA bolletta acqua;Addebito SDD;-39,50
21.10.2023;21.10.2023;PAGAMENTO POS CINEMA ANTEO;Pagamento POS;-14,85
26.10.2023;26.10.2023;PAGAMENTO POS ESSELUNGA MILANO;Pagamento POS;-120,87
27.10.2023;28.10.2023;Stipendio 10/2023 ACME S.p.A.;Accredito stipendio;2.150,00
28.10.2023;28.10.2023;PAGAMENTO POS IP VIALE FORLANINI;Pagamento POS;-40,99
28.10.2023;28.10.2023;Giroconto verso Fineco c/c 0012345678 - risparmio mensile;Giroconto;-1.500,00
02.11.2023;02.11.2023;PAGAMENTO POS BAR CENTRALE;Pagamento POS;-6,92
03.11.2023;03.11.2023;Palestra FitActive abbonamento;Addebito SDD;-39,90
05.11.2023;05.11.2023;PAGAMENTO POS CINEMA ANTEO;Pagamento POS;-19,82
05.11.2023;05.11.2023;Rata mutuo prima casa n. 7788123 UniCredit;Addebito SDD;-784,32
06.11.2023;06.11.2023;NETFLIX.COM AMSTERDAM;Pagamento carta;-12,99
07.11.2023;07.11.2023;PAGAMENTO POS ENI STATION 1043;Pagamento POS;-47,48
07.11.2023;07.11.2023;PAGAMENTO POS LIDL ITALIA;Pagamento POS;-55,78
08.11.2023;08.11.2023;TIM fibra casa;Addebito SDD;-29,90
08.11.2023;08.11.2023;PAGAMENTO POS GOMMISTA FERRARI cambio gomme;Pagamento POS;-61,21
08.11.2023;08.11.2023;PAGAMENTO POS COOP LOMBARDIA;Pagamento POS;-84,19
09.11.2023;09.11.2023;PAGAMENTO POS COOP LOMBARDIA;Pagamento POS;-59,32
10.11.2023;11.11.2023;Stipendio 11/2023 STUDIO MEDICO SALUS - Laura Bianchi;Accredito stipendio;1.180,00
11.11.2023;11.11.2023;PAGAMENTO POS COOP LOMBARDIA;Pagamento POS;-84,74
12.11.2023;12.11.2023;Enel Energia bolletta luce e gas;Addebito SDD;-207,94
13.11.2023;13.11.2023;PAGAMENTO POS SUSHI KO;Pagamento POS;-61,34
16.11.2023;16.11.2023;PAGAMENTO POS ESSELUNGA MILANO;Pagamento POS;-123,73
17.11.2023;17.11.2023;PAGAMENTO POS FARMACIA COMUNALE 3;Pagamento POS;-11,72
18.11.2023;18.11.2023;Iliad ricarica mobile;Addebito SDD;-9,99
21.11.2023;21.11.2023;PAGAMENTO POS SUSHI KO;Pagamento POS;-51,07
25.11.2023;25.11.2023;PAGAMENTO POS ENI STATION 1043;Pagamento POS;-59,20
26.11.2023;26.11.2023;AMAZON EU SARL;Pagamento carta;-106,72
27.11.2023;28.11.2023;Stipendio 11/2023 ACME S.p.A.;Accredito stipendio;2.150,00
28.11.2023;28.11.2023;Giroconto verso Fineco c/c 0012345678 - risparmio mensile;Giroconto;-1.500,00
29.11.2023;29.11.2023;PAGAMENTO POS BAR CENTRALE;Pagamento POS;-5,58
29.11.2023;29.11.2023;PAGAMENTO POS ESSELUNGA MILANO;Pagamento POS;-59,68
30.11.2023;30.11.2023;F24 TARI Comune di Milano;Pagamento F24;-142,00
02.12.2023;02.12.2023;LIBRERIA FELTRINELLI;Pagamento carta;-18,66
03.12.2023;03.12.2023;PAGAMENTO POS COOP LOMBARDIA;Pagamento POS;-32,39
03.12.2023;03.12.2023;Palestra FitActive abbonamento;Addebito SDD;-39,90
05.12.2023;05.12.2023;Rata mutuo prima casa n. 7788123 UniCredit;Addebito SDD;-784,32
06.12.2023;06.12.2023;NETFLIX.COM AMSTERDAM;Pagamento carta;-12,99
07.12.2023;07.12.2023;PAGAMENTO POS IP VIALE FORLANINI;Pagamento POS;-65,78
08.12.2023;08.12.2023;TIM fibra casa;Addebito SDD;-29,90
09.12.2023;09.12.2023;PAGAMENTO POS AMAZON EU SARL regali di Natale;Pagamento POS;-66,07
10.12.2023;11.12.2023;Stipendio 12/2023 STUDIO MEDICO SALUS - Laura Bianchi;Accredito stipendio;1.180,00
10.12.2023;11.12.2023;Bonifico da STUDIO BIANCHI SRL - consulenza occasionale;Bonifico in entrata;350,00
10.12.2023;10.12.2023;PAGAMENTO POS FELTRINELLI regali di Natale;Pagamento POS;-65,28
10.12.2023;10.12.2023;PAGAMENTO POS LEGO STORE regali di Natale;Pagamento POS;-92,44
10.12.2023;10.12.2023;MEDIAWORLD;Pagamento carta;-96,93
12.12.2023;12.12.2023;Enel Energia bolletta luce e gas;Addebito SDD;-195,91
13.12.2023;13.12.2023;PAGAMENTO POS CONAD CITY;Pagamento POS;-42,46
14.12.2023;14.12.2023;PAGAMENTO POS ENI STATION 1043;Pagamento POS;-58,03
15.12.2023;16.12.2023;Tredicesima 2023 STUDIO MEDICO SALUS - Laura Bianchi;Accredito stipendio;1.180,00
18.12.2023;19.12.2023;Tredicesima 2023 ACME S.p.A.;Accredito stipendio;1.978,00
18.12.2023;18.12.2023;Iliad ricarica mobile;Addebito SDD;-9,99
18.12.2023;18.12.2023;IKEA CORSICO;Pagamento carta;-131,63
19.12.2023;19.12.2023;PAGAMENTO POS SUSHI KO;Pagamento POS;-41,19
19.12.2023;19.12.2023;PAGAMENTO POS PROFUMERIA DOUGLAS regali di Natale;Pagamento POS;-79,69
20.12.2023;20.12.2023;Acquedotto MM SpA bolletta acqua;Addebito SDD;-47,28
20.12.2023;20.12.2023;Giroconto verso Fineco c/c 0012345678 - tredicesima;Giroconto;-1.000,00
21.12.2023;21.12.2023;PAGAMENTO POS CONAD CITY;Pagamento POS;-31,63
22.12.2023;22.12.2023;PAGAMENTO POS LA RINASCENTE MILANO regali di Natale;Pagamento POS;-110,17
24.12.2023;24.12.2023;PAGAMENTO POS IP VIALE FORLANINI;Pagamento POS;-46,94
24.12.2023;24.12.2023;PAGAMENTO POS SUSHI KO;Pagamento POS;-67,57
24.12.2023;24.12.2023;PAGAMENTO POS RISTORANTE DA LUIGI;Pagamento POS;-71,49
25.12.2023;25.12.2023;AMAZON EU SARL;Pagamento carta;-63,29
27.12.2023;28.12.2023;Stipendio 12/2023 ACME S.p.A.;Accredito stipendio;2.150,00
27.12.2023;27.12.2023;PAGAMENTO POS LIDL ITALIA;Pagamento POS;-23,74
28.12.2023;28.12.2023;PAGAMENTO POS LIDL ITALIA;Pagamento POS;-74,80
28.12.2023;28.12.2023;Giroconto verso Fineco c/c 0012345678 - risparmio mensile;Giroconto;-1.500,00
29.12.2023;29.12.2023;PAGAMENTO POS COOP LOMBARDIA;Pagamento POS;-38,42
01.01.2024;01.01.2024;PAGAMENTO POS COOP LOMBARDIA;Pagamento POS;-108,76
02.01.2024;02.01.2024;PAGAMENTO POS PIZZERIA NAPOLI;Pagamento POS;-21,19
03.01.2024;03.01.2024;Palestra FitActive abbonamento;Addebito SDD;-39,90
05.01.2024;05.01.2024;Rata mutuo prima casa n. 7788123 UniCredit;Addebito SDD;-784,32
06.01.2024;06.01.2024;NETFLIX.COM AMSTERDAM;Pagamento carta;-15,99
08.01.2024;08.01.2024;TIM fibra casa;Addebito SDD;-32,90
08.01.2024;08.01.2024;PAGAMENTO POS ENI STATION 1043;Pagamento POS;-46,76
09.01.2024;09.01.2024;PAGAMENTO POS ESSELUNGA MILANO;Pagamento POS;-133,81
10.01.2024;11.01.2024;Stipendio 01/2024 STUDIO MEDICO SALUS - Laura Bianchi;Accredito stipendio;1.240,00
10.01.2024;10.01.2024;PAGAMENTO POS FARMACIA COMUNALE 3;Pagamento POS;-32,18
10.01.2024;10.01.2024;PAGAMENTO POS SUSHI KO;Pagamento POS;-68,59
10.01.2024;10.01.2024;Bonifico a CONDOMINIO VIA VERDI 12 rata 1/2024;Bonifico SEPA;-245,00
11.01.2024;11.01.2024;MEDIAWORLD;Pagamento carta;-174,25
12.01.2024;12.01.2024;Enel Energia bolletta luce e gas;Addebito SDD;-154,27
13.01.2024;13.01.2024;PAGAMENTO POS DELIVEROO ITALY;Pagamento POS;-36,30
16.01.2024;16.01.2024;IKEA CORSICO;Pagamento carta;-98,66
16.01.2024;16.01.2024;PAGAMENTO POS ESSELUNGA MILANO;Pagamento POS;-136,49
17.01.2024;17.01.2024;PAGAMENTO POS DELIVEROO ITALY;Pagamento POS;-37,48
18.01.2024;18.01.2024;Iliad ricarica mobile;Addebito SDD;-9,99
20.01.2024;20.01.2024;PAGAMENTO POS COOP LOMBARDIA;Pagamento POS;-51,75
21.01.2024;21.01.2024;DECATHLON;Pagamento carta;-46,58
24.01.2024;24.01.2024;PAGAMENTO POS IP VIALE FORLANINI;Pagamento POS;-41,52
27.01.2024;28.01.2024;Stipendio 01/2024 ACME S.p.A.;Accredito stipendio;2.260,00
27.01.2024;27.01.2024;PAGAMENTO POS ESSELUNGA MILANO;Pagamento POS;-130,59
28.01.2024;28.01.2024;PAGAMENTO POS DELIVEROO ITALY;Pagamento POS;-18,87
28.01.2024;28.01.2024;PAGAMENTO POS LIDL ITALIA;Pagamento POS;-30,53
28.01.2024;28.01.2024;Giroconto verso Fineco c/c 0012345678 - risparmio mensile;Giroconto;-1.700,00
01.02.2024;01.02.2024;DECATHLON;Pagamento carta;-56,94
03.02.2024;03.02.2024;Palestra FitActive abbonamento;Addebito SDD;-39,90
05.02.2024;05.02.2024;Rata mutuo prima casa n. 7788123 UniCredit;Addebito SDD;-784,32
06.02.2024;06.02.2024;NETFLIX.COM AMSTERDAM;Pagamento carta;-15,99
07.02.2024;07.02.2024;PAGAMENTO POS SUSHI KO;Pagamento POS;-60,36
08.02.2024;08.02.2024;TIM fibra casa;Addebito SDD;-32,90
10.02.2024;11.02.2024;Stipendio 02/2024 STUDIO MEDICO SALUS - Laura Bianchi;Accredito stipendio;1.240,00
11.02.2024;11.02.2024;PAGAMENTO POS CONAD CITY;Pagamento POS;-26,25
11.02.2024;11.02.2024;PAGAMENTO POS CONAD CITY;Pagamento POS;-37,28
12.02.2024;12.02.2024;Enel Energia bolletta luce e gas;Addebito SDD;-150,12
14.02.2024;14.02.2024;PAGAMENTO POS COOP LOMBARDIA;Pagamento POS;-85,84
18.02.2024;18.02.2024;Iliad ricarica mobile;Addebito SDD;-9,99
18.02.2024;18.02.2024;PAGAMENTO POS COOP LOMBARDIA;Pagamento POS;-65,96
19.02.2024;19.02.2024;PAGAMENTO POS ENI STATION 1043;Pagamento POS;-56,14
20.02.2024;20.02.2024;Acquedotto MM SpA bolletta acqua;Addebito SDD;-36,04
21.02.2024;21.02.2024;PAGAMENTO POS COOP LOMBARDIA;Pagamento POS;-26,44
22.02.2024;22.02.2024;PAGAMENTO POS CONAD CITY;Pagamento POS;-28,72
23.02.2024;23.02.2024;PAGAMENTO POS LIDL ITALIA;Pagamento POS;-47,86
25.02.2024;25.02.2024;PAGAMENTO POS FARMACIA COMUNALE 3;Pagamento POS;-30,17
25.02.2024;25.02.2024;PAGAMENTO POS PIZZERIA NAPOLI;Pagamento POS;-42,79
27.02.2024;28.02.2024;Stipendio 02/2024 ACME S.p.A.;Accredito stipendio;2.260,00
27.02.2024;27.02.2024;LIBRERIA FELTRINELLI;Pagamento carta;-29,09
27.02.2024;27.02.2024;PAGAMENTO POS CONAD CITY;Pagamento POS;-43,93
28.02.2024;28.02.2024;PAGAMENTO POS PIZZERIA NAPOLI;Pagamento POS;-25,31
28.02.2024;28.02.2024;Giroconto verso Fineco c/c 0012345678 - risparmio mensile;Giroconto;-1.700,00
29.02.2024;29.02.2024;PAGAMENTO POS Q8 VIA EMILIA;Pagamento POS;-58,26
29.02.2024;29.02.2024;AMAZON EU SARL;Pagamento carta;-87,92
01.03.2024;01.03.2024;PAGAMENTO POS BAR CENTRALE;Pagamento POS;-7,09
01.03.2024;01.03.2024;PAGAMENTO POS COOP LOMBARDIA;Pagamento POS;-78,96
02.03.2024;02.03.2024;PAGAMENTO POS CINEMA ANTEO;Pagamento POS;-14,44
03.03.2024;03.03.2024;Palestra FitActive abbonamento;Addebito SDD;-39,90
04.03.2024;04.03.2024;AMAZON EU SARL;Pagamento carta;-83,97
05.03.2024;05.03.2024;PAGAMENTO POS CONAD CITY;Pagamento POS;-13,01
05.03.2024;05.03.2024;Rata mutuo prima casa n. 7788123 UniCredit;Addebito SDD;-784,32
06.03.2024;06.03.2024;NETFLIX.COM AMSTERDAM;Pagamento carta;-15,99
08.03.2024;08.03.2024;TIM fibra casa;Addebito SDD;-32,90
08.03.2024;08.03.2024;DECATHLON;Pagamento carta;-58,36
08.03.2024;08.03.2024;PAGAMENTO POS Q8 VIA EMILIA;Pagamento POS;-66,24
09.03.2024;09.03.2024;PAGAMENTO POS BAR CENTRALE;Pagamento POS;-6,08
10.03.2024;11.03.2024;Stipendio 03/2024 STUDIO MEDICO SALUS - Laura Bianchi;Accredito stipendio;1.240,00
10.03.2024;10.03.2024;AMAZON EU SARL;Pagamento carta;-73,08
12.03.2024;12.03.2024;Enel Energia bolletta luce e gas;Addebito SDD;-166,93
15.03.2024;15.03.2024;PAGAMENTO POS ESSELUNGA MILANO;Pagamento POS;-99,53
15.03.2024;15.03.2024;UnipolSai polizza RC auto annuale;Addebito SDD;-580,00
18.03.2024;18.03.2024;Iliad ricarica mobile;Addebito SDD;-9,99
20.03.2024;20.03.2024;PAGAMENTO POS CONAD CITY;Pagamento POS;-33,29
20.03.2024;20.03.2024;PAGAMENTO POS ESSELUNGA MILANO;Pagamento POS;-89,41
21.03.2024;21.03.2024;PAGAMENTO POS FARMACIA COMUNALE 3;Pagamento POS;-19,98
23.03.2024;23.03.2024;PAGAMENTO POS CONAD CITY;Pagamento POS;-40,77
24.03.2024;24.03.2024;PAGAMENTO POS IP VIALE FORLANINI;Pagamento POS;-44,98
27.03.2024;28.03.2024;Stipendio 03/2024 ACME S.p.A.;Accredito stipendio;2.260,00
28.03.2024;28.03.2024;PAGAMENTO POS CONAD CITY;Pagamento POS;-42,26
28.03.2024;28.03.2024;PAGAMENTO POS LIDL ITALIA;Pagamento POS;-45,28
28.03.2024;28.03.2024;Giroconto verso Fineco c/c 0012345678 - risparmio mensile;Giroconto;-1.700,00
30.03.2024;30.03.2024;PAGAMENTO POS DELIVEROO ITALY;Pagamento POS;-39,17
03.04.2024;03.04.2024;PAGAMENTO POS PIZZERIA NAPOLI;Pagamento POS;-24,73
03.04.2024;03.04.2024;Palestra FitActive abbonamento;Addebito SDD;-39,90
04.04.2024;04.04.2024;PAGAMENTO POS CONAD CITY;Pagamento POS;-30,41
05.04.2024;05.04.2024;Rata mutuo prima casa n. 7788123 UniCredit;Addebito SDD;-784,32
06.04.2024;06.04.2024;NETFLIX.COM AMSTERDAM;Pagamento carta;-15,99
07.04.2024;07.04.2024;PAGAMENTO POS COOP LOMBARDIA;Pagamento POS;-91,01
08.04.2024;08.04.2024;TIM fibra casa;Addebito SDD;-32,90
09.04.2024;09.04.2024;PAGAMENTO POS FARMACIA COMUNALE 3;Pagamento POS;-22,92
09.04.2024;09.04.2024;PAGAMENTO POS RISTORANTE DA LUIGI;Pagamento POS;-59,14
09.04.2024;09.04.2024;PAGAMENTO POS COOP LOMBARDIA;Pagamento POS;-93,44
10.04.2024;11.04.2024;Stipendio 04/2024 STUDIO MEDICO SALUS - Laura Bianchi;Accredito stipendio;1.240,00
10.04.2024;10.04.2024;PAGAMENTO POS COOP LOMBARDIA;Pagamento POS;-90,43
10.04.2024;10.04.2024;Bonifico a CONDOMINIO VIA VERDI 12 rata 2/2024;Bonifico SEPA;-230,00
12.04.2024;12.04.2024;PAGAMENTO POS CONAD CITY;Pagamento POS;-25,21
12.04.2024;12.04.2024;PAGAMENTO POS IP VIALE FORLANINI;Pagamento POS;-62,54
12.04.2024;12.04.2024;Enel Energia bolletta luce e gas;Addebito SDD;-72,28
13.04.2024;13.04.2024;PAGAMENTO POS COOP LOMBARDIA;Pagamento POS;-97,96
17.04.2024;17.04.2024;PAGAMENTO POS IP VIALE FORLANINI;Pagamento POS;-42,76
17.04.2024;17.04.2024;PAGAMENTO POS RISTORANTE DA LUIGI;Pagamento POS;-62,00
17.04.2024;17.04.2024;PAGAMENTO POS GOMMISTA FERRARI cambio gomme;Pagamento POS;-71,31
18.04.2024;18.04.2024;Iliad ricarica mobile;Addebito SDD;-9,99
18.04.2024;18.04.2024;MEDIAWORLD;Pagamento carta;-189,60
20.04.2024;20.04.2024;Acquedotto MM SpA bolletta acqua;Addebito SDD;-41,41
27.04.2024;28.04.2024;Stipendio 04/2024 ACME S.p.A.;Accredito stipendio;2.260,00
28.04.2024;28.04.2024;Giroconto verso Fineco c/c 0012345678 - risparmio mensile;Giroconto;-1.700,00
01.05.2024;01.05.2024;PAGAMENTO POS PIZZERIA NAPOLI;Pagamento POS;-30,17
01.05.2024;01.05.2024;PAGAMENTO POS LIDL ITALIA;Pagamento POS;-38,31
01.05.2024;01.05.2024;PAGAMENTO POS ENI STATION 1043;Pagamento POS;-59,60
02.05.2024;02.05.2024;PAGAMENTO POS CONAD CITY;Pagamento POS;-34,74
02.05.2024;02.05.2024;DECATHLON;Pagamento carta;-64,38
03.05.2024;03.05.2024;Palestra FitActive abbonamento;Addebito SDD;-39,90
05.05.2024;05.05.2024;LIBRERIA FELTRINELLI;Pagamento carta;-25,24
05.05.2024;05.05.2024;Rata mutuo prima casa n. 7788123 UniCredit;Addebito SDD;-784,32
06.05.2024;07.05.2024;Bonifico da privato - vendita usato Subito.it;Bonifico in entrata;180,00
06.05.2024;06.05.2024;NETFLIX.COM AMSTERDAM;Pagamento carta;-15,99
06.05.2024;06.05.2024;PAGAMENTO POS ENI STATION 1043;Pagamento POS;-63,82
07.05.2024;07.05.2024;PAGAMENTO POS BAR CENTRALE;Pagamento POS;-4,65
07.05.2024;07.05.2024;PAGAMENTO POS CINEMA ANTEO;Pagamento POS;-21,96
08.05.2024;08.05.2024;TIM fibra casa;Addebito SDD;-32,90
09.05.2024;09.05.2024;PAGAMENTO POS BAR CENTRALE;Pagamento POS;-8,41
10.05.2024;11.05.2024;Stipendio 05/2024 STUDIO MEDICO SALUS - Laura Bianchi;Accredito stipendio;1.240,00
11.05.2024;11.05.2024;PAGAMENTO POS CINEMA ANTEO;Pagamento POS;-17,45
12.05.2024;12.05.2024;Enel Energia bolletta luce e gas;Addebito SDD;-78,84
14.05.2024;14.05.2024;PAGAMENTO POS COOP LOMBARDIA;Pagamento POS;-47,89
15.05.2024;15.05.2024;PAGAMENTO POS PIZZERIA NAPOLI;Pagamento POS;-38,00
17.05.2024;17.05.2024;PAGAMENTO POS ENI STATION 1043;Pagamento POS;-55,03
18.05.2024;18.05.2024;Iliad ricarica mobile;Addebito SDD;-9,99
18.05.2024;18.05.2024;PAGAMENTO POS FARMACIA COMUNALE 3;Pagamento POS;-23,90
19.05.2024;19.05.2024;PAGAMENTO POS DELIVEROO ITALY;Pagamento POS;-23,66
20.05.2024;20.05.2024;Bollo auto Regione Lombardia;Pagamento PagoPA;-231,40
22.05.2024;22.05.2024;IKEA CORSICO;Pagamento carta;-57,02
24.05.2024;25.05.2024;Bonifico da STUDIO BIANCHI SRL - consulenza occasionale;Bonifico in entrata;350,00
24.05.2024;24.05.2024;PAGAMENTO POS COOP LOMBARDIA;Pagamento POS;-85,72
27.05.2024;28.05.2024;Stipendio 05/2024 ACME S.p.A.;Accredito stipendio;2.260,00
28.05.2024;28.05.2024;PAGAMENTO POS CONAD CITY;Pagamento POS;-27,24
28.05.2024;28.05.2024;PAGAMENTO POS LIDL ITALIA;Pagamento POS;-33,59
28.05.2024;28.05.2024;Giroconto verso Fineco c/c 0012345678 - risparmio mensile;Giroconto;-1.700,00
30.05.2024;30.05.2024;F24 TARI Comune di Milano;Pagamento F24;-151,00
31.05.2024;31.05.2024;PAGAMENTO POS ESSELUNGA MILANO;Pagamento POS;-87,28
01.06.2024;01.06.2024;PAGAMENTO POS ESSELUNGA MILANO;Pagamento POS;-97,51
02.06.2024;02.06.2024;PAGAMENTO POS CONAD CITY;Pagamento POS;-21,82
03.06.2024;04.06.2024;Bonifico da ZIA CARLA - regalo di nozze;Bonifico in entrata;500,00
03.06.2024;03.06.2024;PAGAMENTO POS CINEMA ANTEO;Pagamento POS;-16,70
03.06.2024;03.06.2024;Palestra FitActive abbonamento;Addebito SDD;-39,90
04.06.2024;04.06.2024;PAGAMENTO POS CONAD CITY;Pagamento POS;-40,07
05.06.2024;06.06.2024;Bonifico da FAM. BIANCHI - regalo di nozze;Bonifico in entrata;300,00
05.06.2024;05.06.2024;Rata mutuo prima casa n. 7788123 UniCredit;Addebito SDD;-784,32
06.06.2024;06.06.2024;NETFLIX.COM AMSTERDAM;Pagamento carta;-15,99
07.06.2024;08.06.2024;Bonifico da LUCA E SARA - regalo di nozze;Bonifico in entrata;250,00
08.06.2024;08.06.2024;TIM fibra casa;Addebito SDD;-32,90
09.06.2024;10.06.2024;Bonifico da NONNI ROSSI - regalo di nozze;Bonifico in entrata;1.500,00
09.06.2024;09.06.2024;PAGAMENTO POS ESSELUNGA MILANO;Pagamento POS;-54,03
10.06.2024;11.06.2024;Stipendio 06/2024 STUDIO MEDICO SALUS - Laura Bianchi;Accredito stipendio;1.240,00
11.06.2024;12.06.2024;Bonifico da COLLEGHI ACME - regalo di nozze;Bonifico in entrata;420,00
11.06.2024;11.06.2024;PAGAMENTO POS CINEMA ANTEO;Pagamento POS;-13,67
12.06.2024;12.06.2024;Enel Energia bolletta luce e gas;Addebito SDD;-74,84
13.06.2024;14.06.2024;Bonifico da MARCO VERDI - regalo di nozze;Bonifico in entrata;200,00
13.06.2024;13.06.2024;PAGAMENTO POS ESSELUNGA MILANO;Pagamento POS;-116,42
14.06.2024;14.06.2024;PAGAMENTO POS CINEMA ANTEO;Pagamento POS;-12,73
15.06.2024;16.06.2024;Bonifico da FAM. ESPOSITO - regalo di nozze;Bonifico in entrata;350,00
16.06.2024;16.06.2024;PAGAMENTO POS ENI STATION 1043;Pagamento POS;-45,25
17.06.2024;18.06.2024;Bonifico da GIULIA NERI - regalo di nozze;Bonifico in entrata;150,00
18.06.2024;19.06.2024;Bonifico da privato - vendita usato Subito.it;Bonifico in entrata;120,00
18.06.2024;18.06.2024;Iliad ricarica mobile;Addebito SDD;-9,99
19.06.2024;20.06.2024;Bonifico da ZIO PAOLO - regalo di nozze;Bonifico in entrata;400,00
19.06.2024;19.06.2024;PAGAMENTO POS DELIVEROO ITALY;Pagamento POS;-19,53
19.06.2024;19.06.2024;AMAZON EU SARL;Pagamento carta;-111,30
20.06.2024;20.06.2024;Acquedotto MM SpA bolletta acqua;Addebito SDD;-42,42
21.06.2024;22.06.2024;Bonifico da AMICI CALCETTO - regalo di nozze;Bonifico in entrata;380,00
21.06.2024;21.06.2024;PAGAMENTO POS DELIVEROO ITALY;Pagamento POS;-29,20
24.06.2024;24.06.2024;PAGAMENTO POS CONAD CITY;Pagamento POS;-44,50
26.06.2024;26.06.2024;PAGAMENTO POS ESSELUNGA MILANO;Pagamento POS;-99,54
27.06.2024;28.06.2024;Stipendio 06/2024 ACME S.p.A.;Accredito stipendio;2.260,00
27.06.2024;27.06.2024;PAGAMENTO POS ESSELUNGA MILANO;Pagamento POS;-35,34
27.06.2024;27.06.2024;PAGAMENTO POS ESSELUNGA MILANO;Pagamento POS;-39,04
28.06.2024;28.06.2024;PAGAMENTO POS DELIVEROO ITALY;Pagamento POS;-26,88
28.06.2024;28.06.2024;PAGAMENTO POS ENI STATION 1043;Pagamento POS;-51,25
28.06.2024;28.06.2024;Giroconto verso Fineco c/c 0012345678 - risparmio mensile;Giroconto;-1.700,00
29.06.2024;29.06.2024;PAGAMENTO POS RISTORANTE DA LUIGI;Pagamento POS;-62,00
01.07.2024;01.07.2024;PAGAMENTO POS RISTORANTE DA LUIGI;Pagamento POS;-47,41
01.07.2024;01.07.2024;PAGAMENTO POS ESSELUNGA MILANO;Pagamento POS;-132,23
03.07.2024;03.07.2024;Palestra FitActive abbonamento;Addebito SDD;-39,90
05.07.2024;05.07.2024;PAGAMENTO POS ESSELUNGA MILANO;Pagamento POS;-129,85
05.07.2024;05.07.2024;Rata mutuo prima casa n. 7788123 UniCredit;Addebito SDD;-784,32
05.07.2024;05.07.2024;Giroconto verso Fineco c/c 0012345678 - regali di nozze sul risparmio;Giroconto;-4.000,00
06.07.2024;06.07.2024;NETFLIX.COM AMSTERDAM;Pagamento carta;-15,99
06.07.2024;06.07.2024;PAGAMENTO POS ENI STATION 1043;Pagamento POS;-48,59
08.07.2024;08.07.2024;TIM fibra casa;Addebito SDD;-32,90
09.07.2024;10.07.2024;Bonifico da privato - vendita usato Subito.it;Bonifico in entrata;180,00
09.07.2024;09.07.2024;PAGAMENTO POS Q8 VIA EMILIA;Pagamento POS;-40,43
10.07.2024;11.07.2024;Stipendio 07/2024 STUDIO MEDICO SALUS - Laura Bianchi;Accredito stipendio;1.240,00
10.07.2024;10.07.2024;Bonifico a CONDOMINIO VIA VERDI 12 rata 3/2024;Bonifico SEPA;-260,00
12.07.2024;12.07.2024;Enel Energia bolletta luce e gas;Addebito SDD;-79,01
15.07.2024;15.07.2024;PAGAMENTO POS PIZZERIA NAPOLI;Pagamento POS;-31,81
17.07.2024;17.07.2024;PAGAMENTO POS BAR CENTRALE;Pagamento POS;-8,28
17.07.2024;17.07.2024;PAGAMENTO POS CINEMA ANTEO;Pagamento POS;-11,94
18.07.2024;18.07.2024;Iliad ricarica mobile;Addebito SDD;-9,99
19.07.2024;19.07.2024;PAGAMENTO POS ENI STATION 1043;Pagamento POS;-49,43
25.07.2024;25.07.2024;LIBRERIA FELTRINELLI;Pagamento carta;-29,44
26.07.2024;26.07.2024;PAGAMENTO POS SUSHI KO;Pagamento POS;-50,89
27.07.2024;28.07.2024;Stipendio 07/2024 ACME S.p.A.;Accredito stipendio;2.260,00
27.07.2024;28.07.2024;Premio di produzione 2024 ACME S.p.A.;Accredito stipendio;950,00
27.07.2024;28.07.2024;Rimborso 730/2024 ACME S.p.A.;Accredito stipendio;519,06
28.07.2024;28.07.2024;PAGAMENTO POS CONAD CITY;Pagamento POS;-14,51
28.07.2024;28.07.2024;PAGAMENTO POS SUSHI KO;Pagamento POS;-42,44
28.07.2024;28.07.2024;Giroconto verso Fineco c/c 0012345678 - risparmio mensile;Giroconto;-1.700,00
31.07.2024;31.07.2024;PAGAMENTO POS FARMACIA COMUNALE 3;Pagamento POS;-45,72
01.08.2024;01.08.2024;AMAZON EU SARL;Pagamento carta;-73,57
02.08.2024;02.08.2024;PAGAMENTO POS PIZZERIA NAPOLI;Pagamento POS;-39,32
04.08.2024;04.08.2024;PAGAMENTO POS COOP LOMBARDIA;Pagamento POS;-70,84
05.08.2024;05.08.2024;LIBRERIA FELTRINELLI;Pagamento carta;-33,54
05.08.2024;05.08.2024;Rata mutuo prima casa n. 7788123 UniCredit;Addebito SDD;-784,32
06.08.2024;06.08.2024;PAGAMENTO POS BAR CENTRALE;Pagamento POS;-4,17
06.08.2024;06.08.2024;NETFLIX.COM AMSTERDAM;Pagamento carta;-15,99
08.08.2024;08.08.2024;TIM fibra casa;Addebito SDD;-32,90
09.08.2024;09.08.2024;PAGAMENTO POS ENI STATION 1043;Pagamento POS;-53,78
10.08.2024;11.08.2024;Stipendio 08/2024 STUDIO MEDICO SALUS - Laura Bianchi;Accredito stipendio;1.240,00
11.08.2024;11.08.2024;PAGAMENTO POS ENI STATION 1043;Pagamento POS;-49,35
12.08.2024;12.08.2024;Enel Energia bolletta luce e gas;Addebito SDD;-76,90
14.08.2024;14.08.2024;PAGAMENTO POS SUSHI KO;Pagamento POS;-66,90
18.08.2024;18.08.2024;Iliad ricarica mobile;Addebito SDD;-9,99
20.08.2024;20.08.2024;Acquedotto MM SpA bolletta acqua;Addebito SDD;-55,71
23.08.2024;23.08.2024;PAGAMENTO POS BAR CENTRALE;Pagamento POS;-4,24
26.08.2024;26.08.2024;PAGAMENTO POS DELIVEROO ITALY;Pagamento POS;-20,99
26.08.2024;26.08.2024;PAGAMENTO POS ESSELUNGA MILANO;Pagamento POS;-105,06
27.08.2024;28.08.2024;Stipendio 08/2024 ACME S.p.A.;Accredito stipendio;2.260,00
28.08.2024;28.08.2024;Giroconto verso Fineco c/c 0012345678 - risparmio mensile;Giroconto;-1.700,00
29.08.2024;29.08.2024;PAGAMENTO POS CONAD CITY;Pagamento POS;-42,77
29.08.2024;29.08.2024;PAGAMENTO POS ESSELUNGA MILANO;Pagamento POS;-42,82
29.08.2024;29.08.2024;PAGAMENTO POS ESSELUNGA MILANO;Pagamento POS;-140,00
01.09.2024;01.09.2024;PAGAMENTO POS CONAD CITY;Pagamento POS;-34,38
02.09.2024;02.09.2024;PAGAMENTO POS DELIVEROO ITALY;Pagamento POS;-26,70
03.09.2024;03.09.2024;Palestra FitActive abbonamento;Addebito SDD;-39,90
05.09.2024;05.09.2024;LIBRERIA FELTRINELLI;Pagamento carta;-30,27
05.09.2024;05.09.2024;Rata mutuo prima casa n. 7788123 UniCredit;Addebito SDD;-784,32
06.09.2024;06.09.2024;PAGAMENTO POS BAR CENTRALE;Pagamento POS;-7,51
06.09.2024;06.09.2024;NETFLIX.COM AMSTERDAM;Pagamento carta;-15,99
06.09.2024;06.09.2024;IKEA CORSICO;Pagamento carta;-110,01
07.09.2024;07.09.2024;PAGAMENTO POS ESSELUNGA MILANO;Pagamento POS;-118,72
08.09.2024;08.09.2024;TIM fibra casa;Addebito SDD;-32,90
08.09.2024;08.09.2024;PAGAMENTO POS COOP LOMBARDIA;Pagamento POS;-80,14
09.09.2024;09.09.2024;PAGAMENTO POS COOP LOMBARDIA;Pagamento POS;-86,18
10.09.2024;11.09.2024;Stipendio 09/2024 STUDIO MEDICO SALUS - Laura Bianchi;Accredito stipendio;1.240,00
10.09.2024;10.09.2024;PAGAMENTO POS ESSELUNGA MILANO;Pagamento POS;-119,27
11.09.2024;11.09.2024;PAGAMENTO POS ESSELUNGA MILANO;Pagamento POS;-66,09
12.09.2024;12.09.2024;Enel Energia bolletta luce e gas;Addebito SDD;-73,44
15.09.2024;16.09.2024;Bonifico da privato - vendita usato Subito.it;Bonifico in entrata;25,00
15.09.2024;15.09.2024;PAGAMENTO POS LIDL ITALIA;Pagamento POS;-78,27
16.09.2024;16.09.2024;PAGAMENTO POS ESSELUNGA MILANO;Pagamento POS;-138,69
18.09.2024;18.09.2024;Iliad ricarica mobile;Addebito SDD;-9,99
20.09.2024;20.09.2024;PAGAMENTO POS CONAD CITY;Pagamento POS;-10,86
22.09.2024;22.09.2024;PAGAMENTO POS IP VIALE FORLANINI;Pagamento POS;-60,65
25.09.2024;25.09.2024;PAGAMENTO POS IP VIALE FORLANINI;Pagamento POS;-64,91
27.09.2024;28.09.2024;Stipendio 09/2024 ACME S.p.A.;Accredito stipendio;2.260,00
28.09.2024;28.09.2024;Giroconto verso Fineco c/c 0012345678 - risparmio mensile;Giroconto;-1.700,00
29.09.2024;29.09.2024;PAGAMENTO POS SUSHI KO;Pagamento POS;-37,45
29.09.2024;29.09.2024;PAGAMENTO POS RISTORANTE DA LUIGI;Pagamento POS;-53,72
01.10.2024;01.10.2024;PAGAMENTO POS BAR CENTRALE;Pagamento POS;-5,72
03.10.2024;03.10.2024;Palestra FitActive abbonamento;Addebito SDD;-39,90
05.10.2024;05.10.2024;PAGAMENTO POS ESSELUNGA MILANO;Pagamento POS;-130,32
05.10.2024;05.10.2024;Rata mutuo prima casa n. 7788123 UniCredit;Addebito SDD;-784,32
06.10.2024;06.10.2024;NETFLIX.COM AMSTERDAM;Pagamento carta;-15,99
06.10.2024;06.10.2024;PAGAMENTO POS Q8 VIA EMILIA;Pagamento POS;-55,93
07.10.2024;07.10.2024;PAGAMENTO POS CINEMA ANTEO;Pagamento POS;-18,25
08.10.2024;08.10.2024;TIM fibra casa;Addebito SDD;-32,90
10.10.2024;11.10.2024;Stipendio 10/2024 STUDIO MEDICO SALUS - Laura Bianchi;Accredito stipendio;1.240,00
10.10.2024;10.10.2024;Bonifico a CONDOMINIO VIA VERDI 12 rata 4/2024;Bonifico SEPA;-230,00
12.10.2024;12.10.2024;Enel Energia bolletta luce e gas;Addebito SDD;-59,87
13.10.2024;13.10.2024;PAGAMENTO POS PIZZERIA NAPOLI;Pagamento POS;-37,62
14.10.2024;14.10.2024;PAGAMENTO POS PIZZERIA NAPOLI;Pagamento POS;-38,48
14.10.2024;14.10.2024;PAGAMENTO POS IP VIALE FORLANINI;Pagamento POS;-45,32
15.10.2024;15.10.2024;PAGAMENTO POS SUSHI KO;Pagamento POS;-53,08
18.10.2024;18.10.2024;Iliad ricarica mobile;Addebito SDD;-9,99
19.10.2024;19.10.2024;PAGAMENTO POS SUSHI KO;Pagamento POS;-58,50
19.10.2024;19.10.2024;PAGAMENTO POS LIDL ITALIA;Pagamento POS;-72,78
20.10.2024;20.10.2024;Acquedotto MM SpA bolletta acqua;Addebito SDD;-54,18
22.10.2024;22.10.2024;PAGAMENTO POS COOP LOMBARDIA;Pagamento POS;-46,33
23.10.2024;23.10.2024;PAGAMENTO POS LIDL ITALIA;Pagamento POS;-38,34
24.10.2024;24.10.2024;PAGAMENTO POS ESSELUNGA MILANO;Pagamento POS;-95,87
26.10.2024;26.10.2024;PAGAMENTO POS SUSHI KO;Pagamento POS;-43,06
26.10.2024;26.10.2024;PAGAMENTO POS COOP LOMBARDIA;Pagamento POS;-71,74
27.10.2024;28.10.2024;Stipendio 10/2024 ACME S.p.A.;Accredito stipendio;2.260,00
28.10.2024;28.10.2024;Giroconto verso Fineco c/c 0012345678 - risparmio mensile;Giroconto;-1.700,00
31.10.2024;31.10.2024;PAGAMENTO POS LIDL ITALIA;Pagamento POS;-48,00
03.11.2024;03.11.2024;Palestra FitActive abbonamento;Addebito SDD;-39,90
04.11.2024;04.11.2024;PAGAMENTO POS ENI STATION 1043;Pagamento POS;-56,19
05.11.2024;05.11.2024;PAGAMENTO POS SUSHI KO;Pagamento POS;-39,64
05.11.2024;05.11.2024;Rata mutuo prima casa n. 7788123 UniCredit;Addebito SDD;-784,32
06.11.2024;06.11.2024;AMAZON EU SARL;Pagamento carta;-9,44
06.11.2024;06.11.2024;NETFLIX.COM AMSTERDAM;Pagamento carta;-15,99
07.11.2024;07.11.2024;PAGAMENTO POS CONAD CITY;Pagamento POS;-29,58
07.11.2024;07.11.2024;PAGAMENTO POS ENI STATION 1043;Pagamento POS;-63,94
08.11.2024;08.11.2024;PAGAMENTO POS FARMACIA COMUNALE 3;Pagamento POS;-13,44
08.11.2024;08.11.2024;TIM fibra casa;Addebito SDD;-32,90
08.11.2024;08.11.2024;PAGAMENTO POS GOMMISTA FERRARI cambio gomme;Pagamento POS;-80,48
08.11.2024;08.11.2024;PAGAMENTO POS COOP LOMBARDIA;Pagamento POS;-94,18
10.11.2024;11.11.2024;Stipendio 11/2024 STUDIO MEDICO SALUS - Laura Bianchi;Accredito stipendio;1.240,00
10.11.2024;10.11.2024;PAGAMENTO POS BAR CENTRALE;Pagamento POS;-2,81
12.11.2024;12.11.2024;Enel Energia bolletta luce e gas;Addebito SDD;-169,56
13.11.2024;13.11.2024;PAGAMENTO POS SUSHI KO;Pagamento POS;-30,98
14.11.2024;14.11.2024;PAGAMENTO POS COOP LOMBARDIA;Pagamento POS;-57,57
18.11.2024;18.11.2024;Iliad ricarica mobile;Addebito SDD;-9,99
19.11.2024;19.11.2024;PAGAMENTO POS CINEMA ANTEO;Pagamento POS;-10,62
19.11.2024;19.11.2024;PAGAMENTO POS COOP LOMBARDIA;Pagamento POS;-45,81
22.11.2024;22.11.2024;PAGAMENTO POS COOP LOMBARDIA;Pagamento POS;-79,22
23.11.2024;23.11.2024;PAGAMENTO POS BAR CENTRALE;Pagamento POS;-2,06
24.11.2024;24.11.2024;DECATHLON;Pagamento carta;-33,03
25.11.2024;25.11.2024;PAGAMENTO POS DELIVEROO ITALY;Pagamento POS;-27,32
25.11.2024;25.11.2024;PAGAMENTO POS Q8 VIA EMILIA;Pagamento POS;-59,11
27.11.2024;28.11.2024;Stipendio 11/2024 ACME S.p.A.;Accredito stipendio;2.260,00
28.11.2024;28.11.2024;PAGAMENTO POS CONAD CITY;Pagamento POS;-11,82
28.11.2024;28.11.2024;Giroconto verso Fineco c/c 0012345678 - risparmio mensile;Giroconto;-1.700,00
30.11.2024;30.11.2024;F24 TARI Comune di Milano;Pagamento F24;-151,00
01.12.2024;01.12.2024;PAGAMENTO POS PROFUMERIA DOUGLAS regali di Natale;Pagamento POS;-33,84
01.12.2024;01.12.2024;PAGAMENTO POS COOP LOMBARDIA;Pagamento POS;-79,97
02.12.2024;02.12.2024;PAGAMENTO POS CONAD CITY;Pagamento POS;-35,83
02.12.2024;02.12.2024;PAGAMENTO POS Q8 VIA EMILIA;Pagamento POS;-64,83
03.12.2024;03.12.2024;Palestra FitActive abbonamento;Addebito SDD;-39,90
04.12.2024;04.12.2024;PAGAMENTO POS CONAD CITY;Pagamento POS;-28,27
05.12.2024;05.12.2024;Rata mutuo prima casa n. 7788123 UniCredit;Addebito SDD;-784,32
06.12.2024;06.12.2024;NETFLIX.COM AMSTERDAM;Pagamento carta;-15,99
08.12.2024;08.12.2024;TIM fibra casa;Addebito SDD;-32,90
10.12.2024;11.12.2024;Stipendio 12/2024 STUDIO MEDICO SALUS - Laura Bianchi;Accredito stipendio;1.240,00
10.12.2024;10.12.2024;PAGAMENTO POS LIDL ITALIA;Pagamento POS;-48,59
12.12.2024;12.12.2024;Enel Energia bolletta luce e gas;Addebito SDD;-209,03
13.12.2024;13.12.2024;PAGAMENTO POS RISTORANTE DA LUIGI;Pagamento POS;-59,97
15.12.2024;16.12.2024;Tredicesima 2024 STUDIO MEDICO SALUS - Laura Bianchi;Accredito stipendio;1.240,00
15.12.2024;15.12.2024;PAGAMENTO POS DELIVEROO ITALY;Pagamento POS;-19,93
15.12.2024;15.12.2024;DECATHLON;Pagamento carta;-48,60
15.12.2024;15.12.2024;PAGAMENTO POS FELTRINELLI regali di Natale;Pagamento POS;-66,82
16.12.2024;16.12.2024;PAGAMENTO POS AMAZON EU SARL regali di Natale;Pagamento POS;-106,18
18.12.2024;19.12.2024;Tredicesima 2024 ACME S.p.A.;Accredito stipendio;2.079,20
18.12.2024;18.12.2024;Iliad ricarica mobile;Addebito SDD;-9,99
18.12.2024;18.12.2024;PAGAMENTO POS ESSELUNGA MILANO;Pagamento POS;-125,10
19.12.2024;19.12.2024;PAGAMENTO POS IP VIALE FORLANINI;Pagamento POS;-58,94
19.12.2024;19.12.2024;PAGAMENTO POS LA RINASCENTE MILANO regali di Natale;Pagamento POS;-130,98
20.12.2024;20.12.2024;Acquedotto MM SpA bolletta acqua;Addebito SDD;-40,91
20.12.2024;20.12.2024;Giroconto verso Fineco c/c 0012345678 - tredicesima;Giroconto;-1.000,00
21.12.2024;21.12.2024;PAGAMENTO POS LEGO STORE regali di Natale;Pagamento POS;-126,69
24.12.2024;24.12.2024;PAGAMENTO POS BAR CENTRALE;Pagamento POS;-2,98
25.12.2024;25.12.2024;PAGAMENTO POS PIZZERIA NAPOLI;Pagamento POS;-26,72
27.12.2024;28.12.2024;Stipendio 12/2024 ACME S.p.A.;Accredito stipendio;2.260,00
28.12.2024;28.12.2024;PAGAMENTO POS CONAD CITY;Pagamento POS;-15,23
28.12.2024;28.12.2024;PAGAMENTO POS RISTORANTE DA LUIGI;Pagamento POS;-62,60
28.12.2024;28.12.2024;PAGAMENTO POS COOP LOMBARDIA;Pagamento POS;-89,39
28.12.2024;28.12.2024;Giroconto verso Fineco c/c 0012345678 - risparmio mensile;Giroconto;-1.700,00
30.12.2024;30.12.2024;PAGAMENTO POS RISTORANTE DA LUIGI;Pagamento POS;-35,23
30.12.2024;30.12.2024;PAGAMENTO POS PIZZERIA NAPOLI;Pagamento POS;-40,03
30.12.2024;30.12.2024;PAGAMENTO POS LIDL ITALIA;Pagamento POS;-74,82
31.12.2024;31.12.2024;LIBRERIA FELTRINELLI;Pagamento carta;-13,45
01.01.2025;01.01.2025;AMAZON EU SARL;Pagamento carta;-58,76
03.01.2025;03.01.2025;Palestra FitActive abbonamento;Addebito SDD;-44,90
03.01.2025;03.01.2025;PAGAMENTO POS ESSELUNGA MILANO;Pagamento POS;-137,48
04.01.2025;04.01.2025;LIBRERIA FELTRINELLI;Pagamento carta;-16,40
05.01.2025;05.01.2025;PAGAMENTO POS IP VIALE FORLANINI;Pagamento POS;-60,33
05.01.2025;05.01.2025;Rata mutuo prima casa n. 7788123 UniCredit;Addebito SDD;-784,32
06.01.2025;06.01.2025;NETFLIX.COM AMSTERDAM;Pagamento carta;-15,99
06.01.2025;06.01.2025;PAGAMENTO POS SUSHI KO;Pagamento POS;-51,09
08.01.2025;08.01.2025;TIM fibra casa;Addebito SDD;-32,90
08.01.2025;08.01.2025;PAGAMENTO POS COOP LOMBARDIA;Pagamento POS;-55,32
09.01.2025;09.01.2025;PAGAMENTO POS BAR CENTRALE;Pagamento POS;-8,92
09.01.2025;09.01.2025;PAGAMENTO POS ESSELUNGA MILANO;Pagamento POS;-134,10
10.01.2025;11.01.2025;Stipendio 01/2025 STUDIO MEDICO SALUS - Laura Bianchi;Accredito stipendio;1.280,00
10.01.2025;10.01.2025;PAGAMENTO POS ESSELUNGA MILANO;Pagamento POS;-36,47
10.01.2025;10.01.2025;Bonifico a CONDOMINIO VIA VERDI 12 rata 1/2025;Bonifico SEPA;-230,00
11.01.2025;11.01.2025;PAGAMENTO POS ENI STATION 1043;Pagamento POS;-65,58
12.01.2025;12.01.2025;Enel Energia bolletta luce e gas;Addebito SDD;-176,94
17.01.2025;17.01.2025;DECATHLON;Pagamento carta;-63,05
18.01.2025;18.01.2025;Iliad ricarica mobile;Addebito SDD;-9,99
19.01.2025;19.01.2025;PAGAMENTO POS LIDL ITALIA;Pagamento POS;-73,18
25.01.2025;25.01.2025;PAGAMENTO POS PIZZERIA NAPOLI;Pagamento POS;-25,54
27.01.2025;28.01.2025;Stipendio 01/2025 ACME S.p.A.;Accredito stipendio;2.380,00
27.01.2025;27.01.2025;PAGAMENTO POS COOP LOMBARDIA;Pagamento POS;-67,89
28.01.2025;28.01.2025;Giroconto verso Fineco c/c 0012345678 - risparmio mensile;Giroconto;-1.850,00
30.01.2025;30.01.2025;PAGAMENTO POS IP VIALE FORLANINI;Pagamento POS;-46,14
01.02.2025;01.02.2025;PAGAMENTO POS ESSELUNGA MILANO;Pagamento POS;-48,97
02.02.2025;02.02.2025;PAGAMENTO POS FARMACIA COMUNALE 3;Pagamento POS;-21,07
03.02.2025;03.02.2025;PAGAMENTO POS SUSHI KO;Pagamento POS;-35,82
03.02.2025;03.02.2025;Palestra FitActive abbonamento;Addebito SDD;-44,90
04.02.2025;04.02.2025;PAGAMENTO POS COOP LOMBARDIA;Pagamento POS;-47,18
04.02.2025;04.02.2025;PAGAMENTO POS LIDL ITALIA;Pagamento POS;-50,36
05.02.2025;05.02.2025;PAGAMENTO POS IP VIALE FORLANINI;Pagamento POS;-44,59
05.02.2025;05.02.2025;Rata mutuo prima casa n. 7788123 UniCredit;Addebito SDD;-784,32
06.02.2025;06.02.2025;NETFLIX.COM AMSTERDAM;Pagamento carta;-15,99
08.02.2025;08.02.2025;TIM fibra casa;Addebito SDD;-32,90
08.02.2025;08.02.2025;PAGAMENTO POS SUSHI KO;Pagamento POS;-50,50
10.02.2025;11.02.2025;Stipendio 02/2025 STUDIO MEDICO SALUS - Laura Bianchi;Accredito stipendio;1.280,00
10.02.2025;11.02.2025;Giroconto da Fineco c/c 0012345678 - dentista;Giroconto;1.000,00
11.02.2025;11.02.2025;PAGAMENTO POS PIZZERIA NAPOLI;Pagamento POS;-34,96
11.02.2025;11.02.2025;MEDIAWORLD;Pagamento carta;-192,30
12.02.2025;12.02.2025;Enel Energia bolletta luce e gas;Addebito SDD;-155,25
14.02.2025;14.02.2025;Bonifico a STUDIO DENTISTICO DR. VERDI - impianto;Bonifico SEPA;-1.400,00
15.02.2025;15.02.2025;PAGAMENTO POS LIDL ITALIA;Pagamento POS;-21,07
18.02.2025;18.02.2025;Iliad ricarica mobile;Addebito SDD;-9,99
19.02.2025;19.02.2025;PAGAMENTO POS LIDL ITALIA;Pagamento POS;-71,59
20.02.2025;20.02.2025;Acquedotto MM SpA bolletta acqua;Addebito SDD;-35,20
21.02.2025;21.02.2025;PAGAMENTO POS COOP LOMBARDIA;Pagamento POS;-69,82
21.02.2025;21.02.2025;PAGAMENTO POS ESSELUNGA MILANO;Pagamento POS;-109,55
23.02.2025;23.02.2025;PAGAMENTO POS ESSELUNGA MILANO;Pagamento POS;-61,05
23.02.2025;23.02.2025;PAGAMENTO POS IP VIALE FORLANINI;Pagamento POS;-71,53
27.02.2025;28.02.2025;Stipendio 02/2025 ACME S.p.A.;Accredito stipendio;2.380,00
28.02.2025;28.02.2025;Giroconto verso Fineco c/c 0012345678 - risparmio mensile;Giroconto;-1.850,00
03.03.2025;03.03.2025;Palestra FitActive abbonamento;Addebito SDD;-44,90
05.03.2025;05.03.2025;Rata mutuo prima casa n. 7788123 UniCredit;Addebito SDD;-784,32
06.03.2025;06.03.2025;NETFLIX.COM AMSTERDAM;Pagamento carta;-15,99
06.03.2025;06.03.2025;DECATHLON;Pagamento carta;-26,61
06.03.2025;06.03.2025;PAGAMENTO POS ESSELUNGA MILANO;Pagamento POS;-87,99
08.03.2025;08.03.2025;TIM fibra casa;Addebito SDD;-32,90
09.03.2025;09.03.2025;PAGAMENTO POS IP VIALE FORLANINI;Pagamento POS;-69,55
09.03.2025;09.03.2025;PAGAMENTO POS ESSELUNGA MILANO;Pagamento POS;-72,31
10.03.2025;11.03.2025;Stipendio 03/2025 STUDIO MEDICO SALUS - Laura Bianchi;Accredito stipendio;1.280,00
10.03.2025;11.03.2025;Bonifico da privato - vendita usato Subito.it;Bonifico in entrata;80,00
10.03.2025;10.03.2025;PAGAMENTO POS SUSHI KO;Pagamento POS;-48,83
11.03.2025;11.03.2025;PAGAMENTO POS COOP LOMBARDIA;Pagamento POS;-99,01
12.03.2025;12.03.2025;Enel Energia bolletta luce e gas;Addebito SDD;-154,84
14.03.2025;14.03.2025;MEDIAWORLD;Pagamento carta;-27,48
15.03.2025;15.03.2025;UnipolSai polizza RC auto annuale;Addebito SDD;-610,00
16.03.2025;16.03.2025;PAGAMENTO POS ESSELUNGA MILANO;Pagamento POS;-36,32
17.03.2025;17.03.2025;PAGAMENTO POS PIZZERIA NAPOLI;Pagamento POS;-38,18
17.03.2025;17.03.2025;PAGAMENTO POS LIDL ITALIA;Pagamento POS;-79,39
18.03.2025;18.03.2025;Iliad ricarica mobile;Addebito SDD;-9,99
19.03.2025;19.03.2025;PAGAMENTO POS SUSHI KO;Pagamento POS;-50,91
20.03.2025;20.03.2025;PAGAMENTO POS IP VIALE FORLANINI;Pagamento POS;-64,96
23.03.2025;23.03.2025;PAGAMENTO POS SUSHI KO;Pagamento POS;-60,68
27.03.2025;28.03.2025;Stipendio 03/2025 ACME S.p.A.;Accredito stipendio;2.380,00
27.03.2025;27.03.2025;PAGAMENTO POS LIDL ITALIA;Pagamento POS;-58,70
28.03.2025;28.03.2025;PAGAMENTO POS CINEMA ANTEO;Pagamento POS;-9,54
28.03.2025;28.03.2025;PAGAMENTO POS ESSELUNGA MILANO;Pagamento POS;-48,34
28.03.2025;28.03.2025;Giroconto verso Fineco c/c 0012345678 - risparmio mensile;Giroconto;-1.850,00
30.03.2025;30.03.2025;PAGAMENTO POS PIZZERIA NAPOLI;Pagamento POS;-38,97
01.04.2025;01.04.2025;PAGAMENTO POS RISTORANTE DA LUIGI;Pagamento POS;-72,79
03.04.2025;03.04.2025;Palestra FitActive abbonamento;Addebito SDD;-44,90
04.04.2025;04.04.2025;PAGAMENTO POS SUSHI KO;Pagamento POS;-41,57
04.04.2025;04.04.2025;PAGAMENTO POS Q8 VIA EMILIA;Pagamento POS;-49,20
05.04.2025;05.04.2025;Rata mutuo prima casa n. 7788123 UniCredit;Addebito SDD;-784,32
06.04.2025;06.04.2025;NETFLIX.COM AMSTERDAM;Pagamento carta;-15,99
08.04.2025;08.04.2025;TIM fibra casa;Addebito SDD;-32,90
08.04.2025;08.04.2025;PAGAMENTO POS LIDL ITALIA;Pagamento POS;-53,97
10.04.2025;11.04.2025;Stipendio 04/2025 STUDIO MEDICO SALUS - Laura Bianchi;Accredito stipendio;1.280,00
10.04.2025;10.04.2025;PAGAMENTO POS LIDL ITALIA;Pagamento POS;-26,28
10.04.2025;10.04.2025;MEDIAWORLD;Pagamento carta;-89,56
10.04.2025;10.04.2025;Bonifico a CONDOMINIO VIA VERDI 12 rata 2/2025;Bonifico SEPA;-230,00
12.04.2025;12.04.2025;Enel Energia bolletta luce e gas;Addebito SDD;-79,02
13.04.2025;13.04.2025;PAGAMENTO POS LIDL ITALIA;Pagamento POS;-48,09
14.04.2025;14.04.2025;PAGAMENTO POS RISTORANTE DA LUIGI;Pagamento POS;-84,87
16.04.2025;16.04.2025;PAGAMENTO POS LIDL ITALIA;Pagamento POS;-52,22
17.04.2025;17.04.2025;PAGAMENTO POS COOP LOMBARDIA;Pagamento POS;-39,27
17.04.2025;17.04.2025;PAGAMENTO POS IP VIALE FORLANINI;Pagamento POS;-45,37
18.04.2025;18.04.2025;Iliad ricarica mobile;Addebito SDD;-9,99
18.04.2025;18.04.2025;PAGAMENTO POS COOP LOMBARDIA;Pagamento POS;-56,24
18.04.2025;18.04.2025;PAGAMENTO POS ESSELUNGA MILANO;Pagamento POS;-58,78
20.04.2025;20.04.2025;LIBRERIA FELTRINELLI;Pagamento carta;-9,93
20.04.2025;20.04.2025;Acquedotto MM SpA bolletta acqua;Addebito SDD;-38,66
20.04.2025;20.04.2025;PAGAMENTO POS GOMMISTA FERRARI cambio gomme;Pagamento POS;-57,73
21.04.2025;21.04.2025;PAGAMENTO POS BAR CENTRALE;Pagamento POS;-8,72
25.04.2025;25.04.2025;PAGAMENTO POS CONAD CITY;Pagamento POS;-42,54
27.04.2025;28.04.2025;Stipendio 04/2025 ACME S.p.A.;Accredito stipendio;2.380,00
28.04.2025;28.04.2025;PAGAMENTO POS IP VIALE FORLANINI;Pagamento POS;-53,83
28.04.2025;28.04.2025;Giroconto verso Fineco c/c 0012345678 - risparmio mensile;Giroconto;-1.850,00
29.04.2025;29.04.2025;PAGAMENTO POS CONAD CITY;Pagamento POS;-42,54
30.04.2025;30.04.2025;PAGAMENTO POS PIZZERIA NAPOLI;Pagamento POS;-34,81
30.04.2025;30.04.2025;DECATHLON;Pagamento carta;-73,26
03.05.2025;03.05.2025;Palestra FitActive abbonamento;Addebito SDD;-44,90
05.05.2025;05.05.2025;Rata mutuo prima casa n. 7788123 UniCredit;Addebito SDD;-784,32
06.05.2025;06.05.2025;NETFLIX.COM AMSTERDAM;Pagamento carta;-15,99
07.05.2025;07.05.2025;PAGAMENTO POS CONAD CITY;Pagamento POS;-11,18
08.05.2025;08.05.2025;TIM fibra casa;Addebito SDD;-32,90
10.05.2025;11.05.2025;Stipendio 05/2025 STUDIO MEDICO SALUS - Laura Bianchi;Accredito stipendio;1.280,00
12.05.2025;12.05.2025;PAGAMENTO POS CONAD CITY;Pagamento POS;-44,50
12.05.2025;12.05.2025;Enel Energia bolletta luce e gas;Addebito SDD;-61,95
14.05.2025;14.05.2025;PAGAMENTO POS BAR CENTRALE;Pagamento POS;-3,23
14.05.2025;14.05.2025;MEDIAWORLD;Pagamento carta;-108,75
18.05.2025;18.05.2025;Iliad ricarica mobile;Addebito SDD;-9,99
20.05.2025;20.05.2025;PAGAMENTO POS SUSHI KO;Pagamento POS;-44,61
20.05.2025;20.05.2025;Bollo auto Regione Lombardia;Pagamento PagoPA;-231,40
22.05.2025;22.05.2025;PAGAMENTO POS PIZZERIA NAPOLI;Pagamento POS;-20,90
26.05.2025;26.05.2025;LIBRERIA FELTRINELLI;Pagamento carta;-9,96
27.05.2025;28.05.2025;Stipendio 05/2025 ACME S.p.A.;Accredito stipendio;2.380,00
28.05.2025;28.05.2025;PAGAMENTO POS CONAD CITY;Pagamento POS;-14,05
28.05.2025;28.05.2025;PAGAMENTO POS CONAD CITY;Pagamento POS;-30,60
28.05.2025;28.05.2025;PAGAMENTO POS ENI STATION 1043;Pagamento POS;-45,62
28.05.2025;28.05.2025;Giroconto verso Fineco c/c 0012345678 - risparmio mensile;Giroconto;-1.850,00
29.05.2025;29.05.2025;PAGAMENTO POS ESSELUNGA MILANO;Pagamento POS;-40,87
29.05.2025;29.05.2025;PAGAMENTO POS ESSELUNGA MILANO;Pagamento POS;-112,19
30.05.2025;30.05.2025;F24 TARI Comune di Milano;Pagamento F24;-142,00
31.05.2025;31.05.2025;PAGAMENTO POS IP VIALE FORLANINI;Pagamento POS;-47,90
03.06.2025;03.06.2025;Palestra FitActive abbonamento;Addebito SDD;-44,90
05.06.2025;05.06.2025;Rata mutuo prima casa n. 7788123 UniCredit;Addebito SDD;-784,32
06.06.2025;06.06.2025;NETFLIX.COM AMSTERDAM;Pagamento carta;-15,99
06.06.2025;06.06.2025;PAGAMENTO POS SUSHI KO;Pagamento POS;-66,26
08.06.2025;08.06.2025;TIM fibra casa;Addebito SDD;-32,90
09.06.2025;09.06.2025;PAGAMENTO POS ESSELUNGA MILANO;Pagamento POS;-72,91
10.06.2025;11.06.2025;Stipendio 06/2025 STUDIO MEDICO SALUS - Laura Bianchi;Accredito stipendio;1.280,00
11.06.2025;11.06.2025;PAGAMENTO POS PIZZERIA NAPOLI;Pagamento POS;-32,39
12.06.2025;12.06.2025;Enel Energia bolletta luce e gas;Addebito SDD;-70,41
14.06.2025;14.06.2025;PAGAMENTO POS CONAD CITY;Pagamento POS;-37,99
15.06.2025;15.06.2025;LIBRERIA FELTRINELLI;Pagamento carta;-14,45
17.06.2025;17.06.2025;PAGAMENTO POS LIDL ITALIA;Pagamento POS;-72,04
18.06.2025;18.06.2025;Iliad ricarica mobile;Addebito SDD;-9,99
20.06.2025;20.06.2025;Acquedotto MM SpA bolletta acqua;Addebito SDD;-54,91
20.06.2025;20.06.2025;PAGAMENTO POS LIDL ITALIA;Pagamento POS;-71,19
22.06.2025;22.06.2025;PAGAMENTO POS Q8 VIA EMILIA;Pagamento POS;-66,21
22.06.2025;22.06.2025;IKEA CORSICO;Pagamento carta;-178,17
24.06.2025;24.06.2025;PAGAMENTO POS LIDL ITALIA;Pagamento POS;-25,40
25.06.2025;25.06.2025;DECATHLON;Pagamento carta;-33,68
27.06.2025;28.06.2025;Stipendio 06/2025 ACME S.p.A.;Accredito stipendio;2.380,00
27.06.2025;27.06.2025;PAGAMENTO POS PIZZERIA NAPOLI;Pagamento POS;-32,47
28.06.2025;28.06.2025;PAGAMENTO POS ENI STATION 1043;Pagamento POS;-46,15
28.06.2025;28.06.2025;Giroconto verso Fineco c/c 0012345678 - risparmio mensile;Giroconto;-1.850,00
30.06.2025;30.06.2025;PAGAMENTO POS CINEMA ANTEO;Pagamento POS;-12,37
30.06.2025;30.06.2025;PAGAMENTO POS ESSELUNGA MILANO;Pagamento POS;-85,16
01.07.2025;01.07.2025;PAGAMENTO POS LIDL ITALIA;Pagamento POS;-18,27
01.07.2025;01.07.2025;PAGAMENTO POS LIDL ITALIA;Pagamento POS;-28,97
02.07.2025;02.07.2025;PAGAMENTO POS DELIVEROO ITALY;Pagamento POS;-37,39
03.07.2025;03.07.2025;Palestra FitActive abbonamento;Addebito SDD;-44,90
05.07.2025;05.07.2025;PAGAMENTO POS CONAD CITY;Pagamento POS;-16,57
05.07.2025;05.07.2025;Rata mutuo prima casa n. 7788123 UniCredit;Addebito SDD;-784,32
06.07.2025;06.07.2025;NETFLIX.COM AMSTERDAM;Pagamento carta;-15,99
08.07.2025;08.07.2025;TIM fibra casa;Addebito SDD;-32,90
08.07.2025;08.07.2025;PAGAMENTO POS PIZZERIA NAPOLI;Pagamento POS;-45,33
10.07.2025;11.07.2025;Stipendio 07/2025 STUDIO MEDICO SALUS - Laura Bianchi;Accredito stipendio;1.280,00
10.07.2025;10.07.2025;Bonifico a CONDOMINIO VIA VERDI 12 rata 3/2025;Bonifico SEPA;-245,00
12.07.2025;12.07.2025;Enel Energia bolletta luce e gas;Addebito SDD;-71,02
15.07.2025;15.07.2025;AMAZON EU SARL;Pagamento carta;-18,26
18.07.2025;18.07.2025;Iliad ricarica mobile;Addebito SDD;-9,99
22.07.2025;22.07.2025;PAGAMENTO POS PIZZERIA NAPOLI;Pagamento POS;-28,37
23.07.2025;23.07.2025;PAGAMENTO POS SUSHI KO;Pagamento POS;-47,74
23.07.2025;23.07.2025;PAGAMENTO POS Q8 VIA EMILIA;Pagamento POS;-51,02
24.07.2025;24.07.2025;PAGAMENTO POS Q8 VIA EMILIA;Pagamento POS;-42,24
26.07.2025;26.07.2025;PAGAMENTO POS PIZZERIA NAPOLI;Pagamento POS;-22,17
27.07.2025;28.07.2025;Stipendio 07/2025 ACME S.p.A.;Accredito stipendio;2.380,00
27.07.2025;28.07.2025;Premio di produzione 2025 ACME S.p.A.;Accredito stipendio;800,00
27.07.2025;28.07.2025;Rimborso 730/2025 ACME S.p.A.;Accredito stipendio;645,67
28.07.2025;28.07.2025;Giroconto verso Fineco c/c 0012345678 - risparmio mensile;Giroconto;-1.850,00
29.07.2025;29.07.2025;PAGAMENTO POS CINEMA ANTEO;Pagamento POS;-21,69
30.07.2025;31.07.2025;Bonifico da privato - vendita usato Subito.it;Bonifico in entrata;80,00
31.07.2025;31.07.2025;PAGAMENTO POS IP VIALE FORLANINI;Pagamento POS;-42,57
01.08.2025;01.08.2025;PAGAMENTO POS COOP LOMBARDIA;Pagamento POS;-46,59
02.08.2025;02.08.2025;PAGAMENTO POS BAR CENTRALE;Pagamento POS;-2,22
04.08.2025;04.08.2025;PAGAMENTO POS ESSELUNGA MILANO;Pagamento POS;-92,01
04.08.2025;04.08.2025;IKEA CORSICO;Pagamento carta;-177,19
05.08.2025;05.08.2025;Rata mutuo prima casa n. 7788123 UniCredit;Addebito SDD;-784,32
06.08.2025;06.08.2025;NETFLIX.COM AMSTERDAM;Pagamento carta;-15,99
06.08.2025;06.08.2025;PAGAMENTO POS CINEMA ANTEO;Pagamento POS;-16,76
07.08.2025;07.08.2025;PAGAMENTO POS IP VIALE FORLANINI;Pagamento POS;-57,27
08.08.2025;08.08.2025;TIM fibra casa;Addebito SDD;-32,90
10.08.2025;11.08.2025;Stipendio 08/2025 STUDIO MEDICO SALUS - Laura Bianchi;Accredito stipendio;1.280,00
12.08.2025;12.08.2025;Enel Energia bolletta luce e gas;Addebito SDD;-73,79
13.08.2025;13.08.2025;PAGAMENTO POS IP VIALE FORLANINI;Pagamento POS;-66,95
18.08.2025;18.08.2025;Iliad ricarica mobile;Addebito SDD;-9,99
20.08.2025;20.08.2025;PAGAMENTO POS DELIVEROO ITALY;Pagamento POS;-34,16
20.08.2025;20.08.2025;Acquedotto MM SpA bolletta acqua;Addebito SDD;-41,45
20.08.2025;20.08.2025;MEDIAWORLD;Pagamento carta;-48,70
22.08.2025;22.08.2025;PAGAMENTO POS COOP LOMBARDIA;Pagamento POS;-32,85
22.08.2025;22.08.2025;PAGAMENTO POS SUSHI KO;Pagamento POS;-58,17
22.08.2025;22.08.2025;MEDIAWORLD;Pagamento carta;-194,45
23.08.2025;23.08.2025;PAGAMENTO POS LIDL ITALIA;Pagamento POS;-27,92
25.08.2025;25.08.2025;PAGAMENTO POS FARMACIA COMUNALE 3;Pagamento POS;-30,37
26.08.2025;26.08.2025;PAGAMENTO POS CONAD CITY;Pagamento POS;-19,23
27.08.2025;28.08.2025;Stipendio 08/2025 ACME S.p.A.;Accredito stipendio;2.380,00
27.08.2025;27.08.2025;PAGAMENTO POS IP VIALE FORLANINI;Pagamento POS;-48,35
28.08.2025;28.08.2025;Giroconto verso Fineco c/c 0012345678 - risparmio mensile;Giroconto;-1.850,00
29.08.2025;29.08.2025;PAGAMENTO POS ESSELUNGA MILANO;Pagamento POS;-81,59
01.09.2025;01.09.2025;PAGAMENTO POS CONAD CITY;Pagamento POS;-13,29
03.09.2025;03.09.2025;Palestra FitActive abbonamento;Addebito SDD;-44,90
05.09.2025;05.09.2025;PAGAMENTO POS RISTORANTE DA LUIGI;Pagamento POS;-38,57
05.09.2025;05.09.2025;Rata mutuo prima casa n. 7788123 UniCredit;Addebito SDD;-784,32
06.09.2025;06.09.2025;NETFLIX.COM AMSTERDAM;Pagamento carta;-15,99
06.09.2025;06.09.2025;PAGAMENTO POS LIDL ITALIA;Pagamento POS;-49,20
08.09.2025;08.09.2025;TIM fibra casa;Addebito SDD;-32,90
08.09.2025;08.09.2025;PAGAMENTO POS RISTORANTE DA LUIGI;Pagamento POS;-42,08
08.09.2025;08.09.2025;PAGAMENTO POS SUSHI KO;Pagamento POS;-68,47
08.09.2025;08.09.2025;PAGAMENTO POS OFFICINA BOSCH CAR SERVICE tagliando;Pagamento POS;-460,00
10.09.2025;11.09.2025;Stipendio 09/2025 STUDIO MEDICO SALUS - Laura Bianchi;Accredito stipendio;1.280,00
10.09.2025;10.09.2025;PAGAMENTO POS CINEMA ANTEO;Pagamento POS;-17,32
10.09.2025;10.09.2025;PAGAMENTO POS ESSELUNGA MILANO;Pagamento POS;-113,50
10.09.2025;10.09.2025;IKEA CORSICO;Pagamento carta;-126,14
12.09.2025;12.09.2025;Enel Energia bolletta luce e gas;Addebito SDD;-75,69
12.09.2025;12.09.2025;PAGAMENTO POS COOP LOMBARDIA;Pagamento POS;-94,86
15.09.2025;15.09.2025;PAGAMENTO POS CINEMA ANTEO;Pagamento POS;-13,30
17.09.2025;17.09.2025;PAGAMENTO POS Q8 VIA EMILIA;Pagamento POS;-63,10
18.09.2025;18.09.2025;Iliad ricarica mobile;Addebito SDD;-9,99
18.09.2025;18.09.2025;PAGAMENTO POS DELIVEROO ITALY;Pagamento POS;-36,87
20.09.2025;20.09.2025;PAGAMENTO POS IP VIALE FORLANINI;Pagamento POS;-45,04
21.09.2025;21.09.2025;IKEA CORSICO;Pagamento carta;-84,94
23.09.2025;23.09.2025;PAGAMENTO POS FARMACIA COMUNALE 3;Pagamento POS;-42,05
25.09.2025;25.09.2025;PAGAMENTO POS LIDL ITALIA;Pagamento POS;-63,44
27.09.2025;28.09.2025;Stipendio 09/2025 ACME S.p.A.;Accredito stipendio;2.380,00
27.09.2025;27.09.2025;PAGAMENTO POS CINEMA ANTEO;Pagamento POS;-20,81
27.09.2025;27.09.2025;PAGAMENTO POS LIDL ITALIA;Pagamento POS;-56,48
28.09.2025;28.09.2025;Giroconto verso Fineco c/c 0012345678 - risparmio mensile;Giroconto;-1.850,00
29.09.2025;29.09.2025;PAGAMENTO POS LIDL ITALIA;Pagamento POS;-22,36
03.10.2025;03.10.2025;PAGAMENTO POS CONAD CITY;Pagamento POS;-11,63
03.10.2025;03.10.2025;Palestra FitActive abbonamento;Addebito SDD;-44,90
05.10.2025;05.10.2025;PAGAMENTO POS COOP LOMBARDIA;Pagamento POS;-47,02
05.10.2025;05.10.2025;PAGAMENTO POS ENI STATION 1043;Pagamento POS;-68,03
05.10.2025;05.10.2025;PAGAMENTO POS ESSELUNGA MILANO;Pagamento POS;-76,70
05.10.2025;05.10.2025;Rata mutuo prima casa n. 7788123 UniCredit;Addebito SDD;-784,32
06.10.2025;06.10.2025;NETFLIX.COM AMSTERDAM;Pagamento carta;-15,99
07.10.2025;07.10.2025;LIBRERIA FELTRINELLI;Pagamento carta;-26,86
08.10.2025;08.10.2025;TIM fibra casa;Addebito SDD;-32,90
09.10.2025;09.10.2025;PAGAMENTO POS CONAD CITY;Pagamento POS;-21,61
10.10.2025;11.10.2025;Stipendio 10/2025 STUDIO MEDICO SALUS - Laura Bianchi;Accredito stipendio;1.280,00
10.10.2025;10.10.2025;Bonifico a CONDOMINIO VIA VERDI 12 rata 4/2025;Bonifico SEPA;-260,00
12.10.2025;12.10.2025;Enel Energia bolletta luce e gas;Addebito SDD;-57,64
13.10.2025;13.10.2025;PAGAMENTO POS FARMACIA COMUNALE 3;Pagamento POS;-40,14
14.10.2025;14.10.2025;PAGAMENTO POS BAR CENTRALE;Pagamento POS;-5,44
18.10.2025;18.10.2025;Iliad ricarica mobile;Addebito SDD;-9,99
19.10.2025;19.10.2025;PAGAMENTO POS PIZZERIA NAPOLI;Pagamento POS;-22,35
20.10.2025;20.10.2025;Acquedotto MM SpA bolletta acqua;Addebito SDD;-32,60
23.10.2025;23.10.2025;PAGAMENTO POS CONAD CITY;Pagamento POS;-10,16
24.10.2025;24.10.2025;PAGAMENTO POS SUSHI KO;Pagamento POS;-52,55
25.10.2025;25.10.2025;DECATHLON;Pagamento carta;-37,26
25.10.2025;25.10.2025;PAGAMENTO POS LIDL ITALIA;Pagamento POS;-51,87
26.10.2025;26.10.2025;PAGAMENTO POS IP VIALE FORLANINI;Pagamento POS;-60,09
27.10.2025;28.10.2025;Stipendio 10/2025 ACME S.p.A.;Accredito stipendio;2.380,00
27.10.2025;27.10.2025;PAGAMENTO POS SUSHI KO;Pagamento POS;-51,13
28.10.2025;28.10.2025;PAGAMENTO POS IP VIALE FORLANINI;Pagamento POS;-61,26
28.10.2025;28.10.2025;Giroconto verso Fineco c/c 0012345678 - risparmio mensile;Giroconto;-1.850,00
03.11.2025;03.11.2025;Palestra FitActive abbonamento;Addebito SDD;-44,90
03.11.2025;03.11.2025;PAGAMENTO POS RISTORANTE DA LUIGI;Pagamento POS;-60,28
05.11.2025;05.11.2025;Rata mutuo prima casa n. 7788123 UniCredit;Addebito SDD;-784,32
06.11.2025;06.11.2025;NETFLIX.COM AMSTERDAM;Pagamento carta;-15,99
08.11.2025;08.11.2025;TIM fibra casa;Addebito SDD;-32,90
08.11.2025;08.11.2025;PAGAMENTO POS LIDL ITALIA;Pagamento POS;-47,79
08.11.2025;08.11.2025;PAGAMENTO POS COOP LOMBARDIA;Pagamento POS;-69,87
10.11.2025;11.11.2025;Stipendio 11/2025 STUDIO MEDICO SALUS - Laura Bianchi;Accredito stipendio;1.280,00
10.11.2025;10.11.2025;PAGAMENTO POS IP VIALE FORLANINI;Pagamento POS;-69,45
12.11.2025;12.11.2025;Enel Energia bolletta luce e gas;Addebito SDD;-149,57
14.11.2025;14.11.2025;PAGAMENTO POS GOMMISTA FERRARI cambio gomme;Pagamento POS;-84,47
15.11.2025;15.11.2025;PAGAMENTO POS CONAD CITY;Pagamento POS;-21,29
16.11.2025;16.11.2025;PAGAMENTO POS COOP LOMBARDIA;Pagamento POS;-36,63
18.11.2025;18.11.2025;Iliad ricarica mobile;Addebito SDD;-9,99
19.11.2025;19.11.2025;PAGAMENTO POS FARMACIA COMUNALE 3;Pagamento POS;-24,83
20.11.2025;20.11.2025;LIBRERIA FELTRINELLI;Pagamento carta;-22,94
23.11.2025;23.11.2025;LIBRERIA FELTRINELLI;Pagamento carta;-34,37
23.11.2025;23.11.2025;PAGAMENTO POS ESSELUNGA MILANO;Pagamento POS;-79,74
25.11.2025;25.11.2025;PAGAMENTO POS CINEMA ANTEO;Pagamento POS;-20,14
27.11.2025;28.11.2025;Stipendio 11/2025 ACME S.p.A.;Accredito stipendio;2.380,00
28.11.2025;28.11.2025;PAGAMENTO POS DELIVEROO ITALY;Pagamento POS;-34,66
28.11.2025;28.11.2025;PAGAMENTO POS ESSELUNGA MILANO;Pagamento POS;-108,10
28.11.2025;28.11.2025;Giroconto verso Fineco c/c 0012345678 - risparmio mensile;Giroconto;-1.850,00
29.11.2025;29.11.2025;PAGAMENTO POS DELIVEROO ITALY;Pagamento POS;-29,18
29.11.2025;29.11.2025;PAGAMENTO POS ENI STATION 1043;Pagamento POS;-55,03
30.11.2025;30.11.2025;F24 TARI Comune di Milano;Pagamento F24;-151,00
01.12.2025;01.12.2025;PAGAMENTO POS IP VIALE FORLANINI;Pagamento POS;-53,11
01.12.2025;01.12.2025;PAGAMENTO POS IP VIALE FORLANINI;Pagamento POS;-63,90
02.12.2025;02.12.2025;PAGAMENTO POS PROFUMERIA DOUGLAS regali di Natale;Pagamento POS;-95,40
02.12.2025;02.12.2025;PAGAMENTO POS COOP LOMBARDIA;Pagamento POS;-96,88
03.12.2025;03.12.2025;Palestra FitActive abbonamento;Addebito SDD;-44,90
05.12.2025;05.12.2025;PAGAMENTO POS ESSELUNGA MILANO;Pagamento POS;-120,43
05.12.2025;05.12.2025;Rata mutuo prima casa n. 7788123 UniCredit;Addebito SDD;-784,32
06.12.2025;06.12.2025;NETFLIX.COM AMSTERDAM;Pagamento carta;-15,99
06.12.2025;06.12.2025;PAGAMENTO POS RISTORANTE DA LUIGI;Pagamento POS;-82,83
07.12.2025;07.12.2025;AMAZON EU SARL;Pagamento carta;-21,28
08.12.2025;08.12.2025;TIM fibra casa;Addebito SDD;-32,90
10.12.2025;11.12.2025;Stipendio 12/2025 STUDIO MEDICO SALUS - Laura Bianchi;Accredito stipendio;1.280,00
11.12.2025;11.12.2025;PAGAMENTO POS CINEMA ANTEO;Pagamento POS;-12,11
12.12.2025;12.12.2025;Enel Energia bolletta luce e gas;Addebito SDD;-167,83
15.12.2025;16.12.2025;Tredicesima 2025 STUDIO MEDICO SALUS - Laura Bianchi;Accredito stipendio;1.280,00
16.12.2025;16.12.2025;PAGAMENTO POS RISTORANTE DA LUIGI;Pagamento POS;-84,34
17.12.2025;17.12.2025;PAGAMENTO POS ENI STATION 1043;Pagamento POS;-58,17
17.12.2025;17.12.2025;IKEA CORSICO;Pagamento carta;-92,09
18.12.2025;19.12.2025;Tredicesima 2025 ACME S.p.A.;Accredito stipendio;2.189,60
18.12.2025;18.12.2025;PAGAMENTO POS BAR CENTRALE;Pagamento POS;-4,89
18.12.2025;18.12.2025;Iliad ricarica mobile;Addebito SDD;-9,99
18.12.2025;18.12.2025;PAGAMENTO POS LEGO STORE regali di Natale;Pagamento POS;-51,67
19.12.2025;19.12.2025;PAGAMENTO POS CINEMA ANTEO;Pagamento POS;-21,17
20.12.2025;20.12.2025;Acquedotto MM SpA bolletta acqua;Addebito SDD;-48,23
20.12.2025;20.12.2025;PAGAMENTO POS AMAZON EU SARL regali di Natale;Pagamento POS;-57,14
20.12.2025;20.12.2025;PAGAMENTO POS FELTRINELLI regali di Natale;Pagamento POS;-84,08
20.12.2025;20.12.2025;PAGAMENTO POS LA RINASCENTE MILANO regali di Natale;Pagamento POS;-145,78
20.12.2025;20.12.2025;Giroconto verso Fineco c/c 0012345678 - tredicesima;Giroconto;-1.000,00
23.12.2025;23.12.2025;PAGAMENTO POS SUSHI KO;Pagamento POS;-46,97
25.12.2025;25.12.2025;PAGAMENTO POS ESSELUNGA MILANO;Pagamento POS;-76,69
27.12.2025;28.12.2025;Stipendio 12/2025 ACME S.p.A.;Accredito stipendio;2.380,00
27.12.2025;27.12.2025;PAGAMENTO POS ESSELUNGA MILANO;Pagamento POS;-137,13
28.12.2025;28.12.2025;Giroconto verso Fineco c/c 0012345678 - risparmio mensile;Giroconto;-1.850,00
29.12.2025;29.12.2025;PAGAMENTO POS COOP LOMBARDIA;Pagamento POS;-92,05
29.12.2025;29.12.2025;PAGAMENTO POS COOP LOMBARDIA;Pagamento POS;-101,04
31.12.2025;31.12.2025;PAGAMENTO POS COOP LOMBARDIA;Pagamento POS;-75,04
01.01.2026;01.01.2026;PAGAMENTO POS CINEMA ANTEO;Pagamento POS;-20,74
03.01.2026;03.01.2026;Palestra FitActive abbonamento;Addebito SDD;-44,90
03.01.2026;03.01.2026;PAGAMENTO POS ENI STATION 1043;Pagamento POS;-63,89
04.01.2026;04.01.2026;PAGAMENTO POS ENI STATION 1043;Pagamento POS;-61,68
04.01.2026;04.01.2026;PAGAMENTO POS ESSELUNGA MILANO;Pagamento POS;-78,18
04.01.2026;04.01.2026;PAGAMENTO POS ESSELUNGA MILANO;Pagamento POS;-90,29
05.01.2026;05.01.2026;Rata mutuo prima casa n. 7788123 UniCredit;Addebito SDD;-784,32
06.01.2026;06.01.2026;NETFLIX.COM AMSTERDAM;Pagamento carta;-15,99
07.01.2026;07.01.2026;PAGAMENTO POS CONAD CITY;Pagamento POS;-17,19
07.01.2026;07.01.2026;PAGAMENTO POS CONAD CITY;Pagamento POS;-35,19
08.01.2026;08.01.2026;TIM fibra casa;Addebito SDD;-32,90
08.01.2026;08.01.2026;PAGAMENTO POS SUSHI KO;Pagamento POS;-39,61
08.01.2026;08.01.2026;PAGAMENTO POS CONAD CITY;Pagamento POS;-41,22
09.01.2026;09.01.2026;PAGAMENTO POS IP VIALE FORLANINI;Pagamento POS;-64,36
09.01.2026;09.01.2026;PAGAMENTO POS ESSELUNGA MILANO;Pagamento POS;-115,02
10.01.2026;11.01.2026;Stipendio 01/2026 STUDIO MEDICO SALUS - Laura Bianchi;Accredito stipendio;1.320,00
10.01.2026;10.01.2026;LIBRERIA FELTRINELLI;Pagamento carta;-29,11
10.01.2026;10.01.2026;Bonifico a CONDOMINIO VIA VERDI 12 rata 1/2026;Bonifico SEPA;-260,00
12.01.2026;12.01.2026;Enel Energia bolletta luce e gas;Addebito SDD;-198,34
15.01.2026;15.01.2026;PAGAMENTO POS ESSELUNGA MILANO;Pagamento POS;-67,84
17.01.2026;17.01.2026;PAGAMENTO POS DELIVEROO ITALY;Pagamento POS;-29,80
18.01.2026;18.01.2026;Iliad ricarica mobile;Addebito SDD;-9,99
19.01.2026;19.01.2026;PAGAMENTO POS EURONICS frigorifero combinato;Pagamento POS;-699,00
21.01.2026;21.01.2026;PAGAMENTO POS PIZZERIA NAPOLI;Pagamento POS;-28,62
22.01.2026;22.01.2026;PAGAMENTO POS SUSHI KO;Pagamento POS;-33,72
26.01.2026;26.01.2026;MEDIAWORLD;Pagamento carta;-159,75
27.01.2026;28.01.2026;Stipendio 01/2026 ACME S.p.A.;Accredito stipendio;2.450,00
28.01.2026;28.01.2026;Giroconto verso Fineco c/c 0012345678 - risparmio mensile;Giroconto;-1.900,00
30.01.2026;30.01.2026;PAGAMENTO POS PIZZERIA NAPOLI;Pagamento POS;-20,21
01.02.2026;01.02.2026;PAGAMENTO POS CONAD CITY;Pagamento POS;-26,88
02.02.2026;02.02.2026;PAGAMENTO POS LIDL ITALIA;Pagamento POS;-61,64
03.02.2026;03.02.2026;Palestra FitActive abbonamento;Addebito SDD;-44,90
05.02.2026;05.02.2026;IKEA CORSICO;Pagamento carta;-173,87
05.02.2026;05.02.2026;Rata mutuo prima casa n. 7788123 UniCredit;Addebito SDD;-784,32
06.02.2026;06.02.2026;NETFLIX.COM AMSTERDAM;Pagamento carta;-15,99
07.02.2026;07.02.2026;PAGAMENTO POS ENI STATION 1043;Pagamento POS;-58,64
08.02.2026;08.02.2026;TIM fibra casa;Addebito SDD;-32,90
08.02.2026;08.02.2026;IKEA CORSICO;Pagamento carta;-62,12
10.02.2026;11.02.2026;Stipendio 02/2026 STUDIO MEDICO SALUS - Laura Bianchi;Accredito stipendio;1.320,00
10.02.2026;10.02.2026;PAGAMENTO POS CONAD CITY;Pagamento POS;-16,17
11.02.2026;11.02.2026;PAGAMENTO POS COOP LOMBARDIA;Pagamento POS;-74,27
12.02.2026;12.02.2026;Enel Energia bolletta luce e gas;Addebito SDD;-176,18
13.02.2026;13.02.2026;PAGAMENTO POS RISTORANTE DA LUIGI;Pagamento POS;-65,43
13.02.2026;13.02.2026;PAGAMENTO POS ENI STATION 1043;Pagamento POS;-67,51
14.02.2026;14.02.2026;DECATHLON;Pagamento carta;-41,06
15.02.2026;15.02.2026;PAGAMENTO POS LIDL ITALIA;Pagamento POS;-71,40
16.02.2026;16.02.2026;PAGAMENTO POS CINEMA ANTEO;Pagamento POS;-14,43
16.02.2026;16.02.2026;PAGAMENTO POS CONAD CITY;Pagamento POS;-31,66
17.02.2026;17.02.2026;PAGAMENTO POS COOP LOMBARDIA;Pagamento POS;-65,12
18.02.2026;18.02.2026;Iliad ricarica mobile;Addebito SDD;-9,99
19.02.2026;19.02.2026;PAGAMENTO POS COOP LOMBARDIA;Pagamento POS;-33,98
19.02.2026;19.02.2026;PAGAMENTO POS Q8 VIA EMILIA;Pagamento POS;-45,56
20.02.2026;20.02.2026;Acquedotto MM SpA bolletta acqua;Addebito SDD;-36,81
21.02.2026;21.02.2026;PAGAMENTO POS CINEMA ANTEO;Pagamento POS;-10,89
23.02.2026;23.02.2026;PAGAMENTO POS RISTORANTE DA LUIGI;Pagamento POS;-45,99
27.02.2026;28.02.2026;Stipendio 02/2026 ACME S.p.A.;Accredito stipendio;2.450,00
28.02.2026;28.02.2026;Giroconto verso Fineco c/c 0012345678 - risparmio mensile;Giroconto;-1.900,00
01.03.2026;01.03.2026;PAGAMENTO POS PIZZERIA NAPOLI;Pagamento POS;-27,92
01.03.2026;01.03.2026;DECATHLON;Pagamento carta;-34,98
02.03.2026;02.03.2026;PAGAMENTO POS CINEMA ANTEO;Pagamento POS;-13,21
03.03.2026;03.03.2026;Palestra FitActive abbonamento;Addebito SDD;-44,90
05.03.2026;05.03.2026;AMAZON EU SARL;Pagamento carta;-62,35
05.03.2026;05.03.2026;Rata mutuo prima casa n. 7788123 UniCredit;Addebito SDD;-784,32
06.03.2026;06.03.2026;NETFLIX.COM AMSTERDAM;Pagamento carta;-15,99
06.03.2026;06.03.2026;PAGAMENTO POS COOP LOMBARDIA;Pagamento POS;-26,36
06.03.2026;06.03.2026;PAGAMENTO POS Q8 VIA EMILIA;Pagamento POS;-67,04
08.03.2026;08.03.2026;TIM fibra casa;Addebito SDD;-32,90
08.03.2026;08.03.2026;PAGAMENTO POS CONAD CITY;Pagamento POS;-42,76
09.03.2026;09.03.2026;PAGAMENTO POS DELIVEROO ITALY;Pagamento POS;-22,11
10.03.2026;11.03.2026;Stipendio 03/2026 STUDIO MEDICO SALUS - Laura Bianchi;Accredito stipendio;1.320,00
11.03.2026;11.03.2026;DECATHLON;Pagamento carta;-52,91
11.03.2026;11.03.2026;PAGAMENTO POS RISTORANTE DA LUIGI;Pagamento POS;-58,95
12.03.2026;12.03.2026;PAGAMENTO POS CONAD CITY;Pagamento POS;-17,47
12.03.2026;12.03.2026;PAGAMENTO POS ENI STATION 1043;Pagamento POS;-68,44
12.03.2026;12.03.2026;PAGAMENTO POS ESSELUNGA MILANO;Pagamento POS;-97,35
12.03.2026;12.03.2026;Enel Energia bolletta luce e gas;Addebito SDD;-173,42
15.03.2026;15.03.2026;UnipolSai polizza RC auto annuale;Addebito SDD;-640,00
16.03.2026;16.03.2026;PAGAMENTO POS ENI STATION 1043;Pagamento POS;-52,52
18.03.2026;18.03.2026;Iliad ricarica mobile;Addebito SDD;-9,99
19.03.2026;19.03.2026;PAGAMENTO POS CINEMA ANTEO;Pagamento POS;-19,45
21.03.2026;21.03.2026;PAGAMENTO POS COOP LOMBARDIA;Pagamento POS;-28,33
24.03.2026;24.03.2026;PAGAMENTO POS ESSELUNGA MILANO;Pagamento POS;-45,09
25.03.2026;25.03.2026;PAGAMENTO POS ESSELUNGA MILANO;Pagamento POS;-49,00
26.03.2026;26.03.2026;PAGAMENTO POS ESSELUNGA MILANO;Pagamento POS;-124,84
27.03.2026;28.03.2026;Stipendio 03/2026 ACME S.p.A.;Accredito stipendio;2.450,00
28.03.2026;28.03.2026;Giroconto verso Fineco c/c 0012345678 - risparmio mensile;Giroconto;-1.900,00
29.03.2026;29.03.2026;PAGAMENTO POS CONAD CITY;Pagamento POS;-17,97
31.03.2026;31.03.2026;IKEA CORSICO;Pagamento carta;-41,92
01.04.2026;01.04.2026;PAGAMENTO POS ENI STATION 1043;Pagamento POS;-55,50
03.04.2026;03.04.2026;Palestra FitActive abbonamento;Addebito SDD;-44,90
05.04.2026;05.04.2026;PAGAMENTO POS Q8 VIA EMILIA;Pagamento POS;-54,87
05.04.2026;05.04.2026;Rata mutuo prima casa n. 7788123 UniCredit;Addebito SDD;-784,32
06.04.2026;06.04.2026;NETFLIX.COM AMSTERDAM;Pagamento carta;-15,99
07.04.2026;07.04.2026;PAGAMENTO POS CLINICA VETERINARIA SAN SIRO;Pagamento POS;-320,00
08.04.2026;08.04.2026;TIM fibra casa;Addebito SDD;-32,90
08.04.2026;08.04.2026;PAGAMENTO POS COOP LOMBARDIA;Pagamento POS;-92,71
09.04.2026;09.04.2026;PAGAMENTO POS PIZZERIA NAPOLI;Pagamento POS;-33,46
09.04.2026;09.04.2026;PAGAMENTO POS LIDL ITALIA;Pagamento POS;-75,10
10.04.2026;11.04.2026;Stipendio 04/2026 STUDIO MEDICO SALUS - Laura Bianchi;Accredito stipendio;1.320,00
10.04.2026;10.04.2026;PAGAMENTO POS DELIVEROO ITALY;Pagamento POS;-26,53
10.04.2026;10.04.2026;PAGAMENTO POS GOMMISTA FERRARI cambio gomme;Pagamento POS;-63,53
10.04.2026;10.04.2026;Bonifico a CONDOMINIO VIA VERDI 12 rata 2/2026;Bonifico SEPA;-260,00
12.04.2026;12.04.2026;PAGAMENTO POS BAR CENTRALE;Pagamento POS;-6,26
12.04.2026;12.04.2026;PAGAMENTO POS DELIVEROO ITALY;Pagamento POS;-22,97
12.04.2026;12.04.2026;Enel Energia bolletta luce e gas;Addebito SDD;-79,30
13.04.2026;13.04.2026;PAGAMENTO POS COOP LOMBARDIA;Pagamento POS;-44,74
13.04.2026;13.04.2026;PAGAMENTO POS COOP LOMBARDIA;Pagamento POS;-71,83
14.04.2026;14.04.2026;MEDIAWORLD;Pagamento carta;-61,99
18.04.2026;18.04.2026;Iliad ricarica mobile;Addebito SDD;-9,99
18.04.2026;18.04.2026;PAGAMENTO POS CONAD CITY;Pagamento POS;-25,22
20.04.2026;20.04.2026;Acquedotto MM SpA bolletta acqua;Addebito SDD;-51,16
26.04.2026;26.04.2026;PAGAMENTO POS Q8 VIA EMILIA;Pagamento POS;-65,85
26.04.2026;26.04.2026;PAGAMENTO POS ESSELUNGA MILANO;Pagamento POS;-98,81
27.04.2026;28.04.2026;Stipendio 04/2026 ACME S.p.A.;Accredito stipendio;2.450,00
27.04.2026;27.04.2026;PAGAMENTO POS FARMACIA COMUNALE 3;Pagamento POS;-40,03
27.04.2026;27.04.2026;PAGAMENTO POS RISTORANTE DA LUIGI;Pagamento POS;-76,75
28.04.2026;28.04.2026;PAGAMENTO POS LIDL ITALIA;Pagamento POS;-31,46
28.04.2026;28.04.2026;Giroconto verso Fineco c/c 0012345678 - risparmio mensile;Giroconto;-1.900,00
02.05.2026;02.05.2026;PAGAMENTO POS DELIVEROO ITALY;Pagamento POS;-33,98
02.05.2026;02.05.2026;PAGAMENTO POS IP VIALE FORLANINI;Pagamento POS;-70,77
03.05.2026;03.05.2026;Palestra FitActive abbonamento;Addebito SDD;-44,90
05.05.2026;05.05.2026;PAGAMENTO POS LIDL ITALIA;Pagamento POS;-62,13
05.05.2026;05.05.2026;PAGAMENTO POS LIDL ITALIA;Pagamento POS;-65,88
05.05.2026;05.05.2026;Rata mutuo prima casa n. 7788123 UniCredit;Addebito SDD;-784,32
06.05.2026;06.05.2026;NETFLIX.COM AMSTERDAM;Pagamento carta;-15,99
08.05.2026;08.05.2026;TIM fibra casa;Addebito SDD;-32,90
09.05.2026;09.05.2026;PAGAMENTO POS CINEMA ANTEO;Pagamento POS;-19,20
09.05.2026;09.05.2026;PAGAMENTO POS RISTORANTE DA LUIGI;Pagamento POS;-82,95
10.05.2026;11.05.2026;Stipendio 05/2026 STUDIO MEDICO SALUS - Laura Bianchi;Accredito stipendio;1.320,00
12.05.2026;12.05.2026;IKEA CORSICO;Pagamento carta;-49,03
12.05.2026;12.05.2026;PAGAMENTO POS RISTORANTE DA LUIGI;Pagamento POS;-62,36
12.05.2026;12.05.2026;Enel Energia bolletta luce e gas;Addebito SDD;-67,93
15.05.2026;15.05.2026;PAGAMENTO POS COOP LOMBARDIA;Pagamento POS;-30,04
17.05.2026;17.05.2026;PAGAMENTO POS LIDL ITALIA;Pagamento POS;-50,52
18.05.2026;18.05.2026;Iliad ricarica mobile;Addebito SDD;-9,99
18.05.2026;18.05.2026;PAGAMENTO POS PIZZERIA NAPOLI;Pagamento POS;-34,31
20.05.2026;20.05.2026;Bollo auto Regione Lombardia;Pagamento PagoPA;-231,40
25.05.2026;25.05.2026;PAGAMENTO POS CONAD CITY;Pagamento POS;-26,84
25.05.2026;25.05.2026;PAGAMENTO POS PIZZERIA NAPOLI;Pagamento POS;-34,29
26.05.2026;26.05.2026;PAGAMENTO POS DELIVEROO ITALY;Pagamento POS;-38,16
27.05.2026;28.05.2026;Stipendio 05/2026 ACME S.p.A.;Accredito stipendio;2.450,00
27.05.2026;27.05.2026;PAGAMENTO POS FARMACIA COMUNALE 3;Pagamento POS;-26,62
27.05.2026;27.05.2026;PAGAMENTO POS LIDL ITALIA;Pagamento POS;-52,16
28.05.2026;28.05.2026;PAGAMENTO POS CONAD CITY;Pagamento POS;-16,11
28.05.2026;28.05.2026;PAGAMENTO POS COOP LOMBARDIA;Pagamento POS;-33,65
28.05.2026;28.05.2026;Giroconto verso Fineco c/c 0012345678 - risparmio mensile;Giroconto;-1.900,00
30.05.2026;30.05.2026;F24 TARI Comune di Milano;Pagamento F24;-142,00
31.05.2026;31.05.2026;PAGAMENTO POS Q8 VIA EMILIA;Pagamento POS;-59,45
31.05.2026;31.05.2026;PAGAMENTO POS ENI STATION 1043;Pagamento POS;-64,59
01.06.2026;01.06.2026;PAGAMENTO POS RISTORANTE DA LUIGI;Pagamento POS;-47,81
01.06.2026;01.06.2026;PAGAMENTO POS ESSELUNGA MILANO;Pagamento POS;-88,47
02.06.2026;02.06.2026;PAGAMENTO POS CONAD CITY;Pagamento POS;-23,68
03.06.2026;03.06.2026;PAGAMENTO POS CINEMA ANTEO;Pagamento POS;-11,01
03.06.2026;03.06.2026;Palestra FitActive abbonamento;Addebito SDD;-44,90
04.06.2026;04.06.2026;PAGAMENTO POS CINEMA ANTEO;Pagamento POS;-19,86
05.06.2026;05.06.2026;Rata mutuo prima casa n. 7788123 UniCredit;Addebito SDD;-784,32
06.06.2026;06.06.2026;NETFLIX.COM AMSTERDAM;Pagamento carta;-15,99
07.06.2026;07.06.2026;PAGAMENTO POS CONAD CITY;Pagamento POS;-11,93
08.06.2026;08.06.2026;TIM fibra casa;Addebito SDD;-32,90
09.06.2026;09.06.2026;PAGAMENTO POS LIDL ITALIA;Pagamento POS;-69,76
10.06.2026;11.06.2026;Stipendio 06/2026 STUDIO MEDICO SALUS - Laura Bianchi;Accredito stipendio;1.320,00
10.06.2026;10.06.2026;DECATHLON;Pagamento carta;-36,11
10.06.2026;10.06.2026;PAGAMENTO POS PIZZERIA NAPOLI;Pagamento POS;-46,03
11.06.2026;11.06.2026;PAGAMENTO POS SUSHI KO;Pagamento POS;-43,33
12.06.2026;12.06.2026;Enel Energia bolletta luce e gas;Addebito SDD;-61,40
13.06.2026;13.06.2026;PAGAMENTO POS IP VIALE FORLANINI;Pagamento POS;-40,57
13.06.2026;13.06.2026;PAGAMENTO POS ENI STATION 1043;Pagamento POS;-59,79
15.06.2026;15.06.2026;PAGAMENTO POS LIDL ITALIA;Pagamento POS;-58,98
15.06.2026;15.06.2026;PAGAMENTO POS RISTORANTE DA LUIGI;Pagamento POS;-78,07
17.06.2026;17.06.2026;PAGAMENTO POS LIDL ITALIA;Pagamento POS;-40,56
18.06.2026;18.06.2026;Iliad ricarica mobile;Addebito SDD;-9,99
18.06.2026;18.06.2026;PAGAMENTO POS LIDL ITALIA;Pagamento POS;-20,66
20.06.2026;21.06.2026;Bonifico da privato - vendita usato Subito.it;Bonifico in entrata;40,00
20.06.2026;20.06.2026;Acquedotto MM SpA bolletta acqua;Addebito SDD;-49,12
22.06.2026;22.06.2026;PAGAMENTO POS ENI STATION 1043;Pagamento POS;-49,50
24.06.2026;24.06.2026;PAGAMENTO POS PIZZERIA NAPOLI;Pagamento POS;-47,53
25.06.2026;25.06.2026;PAGAMENTO POS CONAD CITY;Pagamento POS;-27,44
26.06.2026;26.06.2026;PAGAMENTO POS FARMACIA COMUNALE 3;Pagamento POS;-6,79
27.06.2026;28.06.2026;Stipendio 06/2026 ACME S.p.A.;Accredito stipendio;2.450,00
28.06.2026;28.06.2026;Giroconto verso Fineco c/c 0012345678 - risparmio mensile;Giroconto;-1.900,00
29.06.2026;29.06.2026;PAGAMENTO POS CONAD CITY;Pagamento POS;-17,02
03.07.2026;03.07.2026;Palestra FitActive abbonamento;Addebito SDD;-44,90
05.07.2026;05.07.2026;PAGAMENTO POS CONAD CITY;Pagamento POS;-10,07
05.07.2026;05.07.2026;Rata mutuo prima casa n. 7788123 UniCredit;Addebito SDD;-784,32
06.07.2026;06.07.2026;NETFLIX.COM AMSTERDAM;Pagamento carta;-15,99
06.07.2026;06.07.2026;PAGAMENTO POS LIDL ITALIA;Pagamento POS;-36,74
07.07.2026;07.07.2026;PAGAMENTO POS DELIVEROO ITALY;Pagamento POS;-39,58
08.07.2026;08.07.2026;TIM fibra casa;Addebito SDD;-32,90
08.07.2026;08.07.2026;PAGAMENTO POS RISTORANTE DA LUIGI;Pagamento POS;-46,12
08.07.2026;08.07.2026;PAGAMENTO POS Q8 VIA EMILIA;Pagamento POS;-64,61
10.07.2026;11.07.2026;Stipendio 07/2026 STUDIO MEDICO SALUS - Laura Bianchi;Accredito stipendio;1.320,00
10.07.2026;10.07.2026;Bonifico a CONDOMINIO VIA VERDI 12 rata 3/2026;Bonifico SEPA;-230,00
12.07.2026;12.07.2026;Enel Energia bolletta luce e gas;Addebito SDD;-56,05
12.07.2026;12.07.2026;PAGAMENTO POS IP VIALE FORLANINI;Pagamento POS;-58,32
18.07.2026;18.07.2026;Iliad ricarica mobile;Addebito SDD;-9,99
23.07.2026;23.07.2026;MEDIAWORLD;Pagamento carta;-204,42
25.07.2026;25.07.2026;PAGAMENTO POS IP VIALE FORLANINI;Pagamento POS;-51,87
26.07.2026;26.07.2026;PAGAMENTO POS COOP LOMBARDIA;Pagamento POS;-75,53
27.07.2026;28.07.2026;Stipendio 07/2026 ACME S.p.A.;Accredito stipendio;2.450,00
27.07.2026;28.07.2026;Premio di produzione 2026 ACME S.p.A.;Accredito stipendio;950,00
27.07.2026;28.07.2026;Rimborso 730/2026 ACME S.p.A.;Accredito stipendio;734,51
28.07.2026;28.07.2026;Giroconto verso Fineco c/c 0012345678 - risparmio mensile;Giroconto;-1.900,00
29.07.2026;29.07.2026;PAGAMENTO POS CINEMA ANTEO;Pagamento POS;-13,16
29.07.2026;29.07.2026;PAGAMENTO POS COOP LOMBARDIA;Pagamento POS;-76,22
30.07.2026;30.07.2026;PAGAMENTO POS CONAD CITY;Pagamento POS;-17,86
05.08.2026;05.08.2026;PAGAMENTO POS ENI STATION 1043;Pagamento POS;-68,27
05.08.2026;05.08.2026;Rata mutuo prima casa n. 7788123 UniCredit;Addebito SDD;-784,32
06.08.2026;06.08.2026;NETFLIX.COM AMSTERDAM;Pagamento carta;-15,99
07.08.2026;07.08.2026;PAGAMENTO POS PIZZERIA NAPOLI;Pagamento POS;-31,18
07.08.2026;07.08.2026;PAGAMENTO POS IP VIALE FORLANINI;Pagamento POS;-44,94
08.08.2026;08.08.2026;TIM fibra casa;Addebito SDD;-32,90
10.08.2026;11.08.2026;Stipendio 08/2026 STUDIO MEDICO SALUS - Laura Bianchi;Accredito stipendio;1.320,00
12.08.2026;12.08.2026;Enel Energia bolletta luce e gas;Addebito SDD;-60,94
13.08.2026;13.08.2026;PAGAMENTO POS FARMACIA COMUNALE 3;Pagamento POS;-9,47
18.08.2026;18.08.2026;Iliad ricarica mobile;Addebito SDD;-9,99
18.08.2026;18.08.2026;PAGAMENTO POS RISTORANTE DA LUIGI;Pagamento POS;-57,74
20.08.2026;20.08.2026;Acquedotto MM SpA bolletta acqua;Addebito SDD;-39,67
24.08.2026;24.08.2026;PAGAMENTO POS SUSHI KO;Pagamento POS;-39,18
24.08.2026;24.08.2026;PAGAMENTO POS ESSELUNGA MILANO;Pagamento POS;-122,11
25.08.2026;25.08.2026;PAGAMENTO POS LIDL ITALIA;Pagamento POS;-70,59
26.08.2026;26.08.2026;PAGAMENTO POS LIDL ITALIA;Pagamento POS;-53,16
26.08.2026;26.08.2026;PAGAMENTO POS ENI STATION 1043;Pagamento POS;-66,10
27.08.2026;28.08.2026;Stipendio 08/2026 ACME S.p.A.;Accredito stipendio;2.450,00
27.08.2026;27.08.2026;PAGAMENTO POS RISTORANTE DA LUIGI;Pagamento POS;-84,68
28.08.2026;28.08.2026;LIBRERIA FELTRINELLI;Pagamento carta;-9,35
28.08.2026;28.08.2026;Giroconto verso Fineco c/c 0012345678 - risparmio mensile;Giroconto;-1.900,00
29.08.2026;29.08.2026;PAGAMENTO POS BAR CENTRALE;Pagamento POS;-7,72
02.09.2026;02.09.2026;PAGAMENTO POS IP VIALE FORLANINI;Pagamento POS;-67,69
03.09.2026;03.09.2026;PAGAMENTO POS SUSHI KO;Pagamento POS;-37,76
03.09.2026;03.09.2026;Palestra FitActive abbonamento;Addebito SDD;-44,90
03.09.2026;03.09.2026;IKEA CORSICO;Pagamento carta;-91,31
05.09.2026;05.09.2026;Rata mutuo prima casa n. 7788123 UniCredit;Addebito SDD;-784,32
06.09.2026;06.09.2026;PAGAMENTO POS BAR CENTRALE;Pagamento POS;-8,54
06.09.2026;06.09.2026;NETFLIX.COM AMSTERDAM;Pagamento carta;-15,99
06.09.2026;06.09.2026;PAGAMENTO POS LIDL ITALIA;Pagamento POS;-77,62
07.09.2026;07.09.2026;DECATHLON;Pagamento carta;-40,63
08.09.2026;08.09.2026;PAGAMENTO POS BAR CENTRALE;Pagamento POS;-5,74
08.09.2026;08.09.2026;TIM fibra casa;Addebito SDD;-32,90
08.09.2026;08.09.2026;PAGAMENTO POS ESSELUNGA MILANO;Pagamento POS;-66,55
09.09.2026;09.09.2026;PAGAMENTO POS IP VIALE FORLANINI;Pagamento POS;-45,88
10.09.2026;11.09.2026;Stipendio 09/2026 STUDIO MEDICO SALUS - Laura Bianchi;Accredito stipendio;1.320,00
11.09.2026;12.09.2026;Bonifico da STUDIO BIANCHI SRL - consulenza occasionale;Bonifico in entrata;600,00
12.09.2026;12.09.2026;Enel Energia bolletta luce e gas;Addebito SDD;-61,75
14.09.2026;14.09.2026;PAGAMENTO POS CINEMA ANTEO;Pagamento POS;-21,71
17.09.2026;17.09.2026;PAGAMENTO POS CINEMA ANTEO;Pagamento POS;-11,61
18.09.2026;18.09.2026;Iliad ricarica mobile;Addebito SDD;-9,99
18.09.2026;18.09.2026;IKEA CORSICO;Pagamento carta;-162,11
22.09.2026;22.09.2026;PAGAMENTO POS ESSELUNGA MILANO;Pagamento POS;-91,68
25.09.2026;25.09.2026;PAGAMENTO POS BAR CENTRALE;Pagamento POS;-6,04
27.09.2026;28.09.2026;Stipendio 09/2026 ACME S.p.A.;Accredito stipendio;2.450,00
27.09.2026;27.09.2026;PAGAMENTO POS ESSELUNGA MILANO;Pagamento POS;-42,76
27.09.2026;27.09.2026;PAGAMENTO POS LIDL ITALIA;Pagamento POS;-68,88
28.09.2026;28.09.2026;PAGAMENTO POS PIZZERIA NAPOLI;Pagamento POS;-30,46
28.09.2026;28.09.2026;Giroconto verso Fineco c/c 0012345678 - risparmio mensile;Giroconto;-1.900,00
29.09.2026;29.09.2026;PAGAMENTO POS CONAD CITY;Pagamento POS;-43,23
30.09.2026;30.09.2026;IKEA CORSICO;Pagamento carta;-103,63
