id;date;description;amount;currency;type;category;main_category;counterparty;tags;is_recurring;recurrence;recurrence_end;notes;bank_description;splits
1;2023-10-01;Rata mutuo Intesa Sanpaolo;858.4;EUR;expense;Mutuo;Casa;Intesa Sanpaolo;Intesa Sanpaolo;True;monthly;;;;
2;2023-10-02;Coop spesa;103.18;EUR;expense;Alimentari;Alimentari;Coop;Coop;False;;;;;"Alimentari 72,23; Casa 30,95"
3;2023-10-02;Giroconto verso conto deposito;300.0;EUR;transfer;Giroconto;Giroconto;Illimity;Illimity;False;;;;;
4;2023-10-03;Premio assicurazione casa UnipolSai;24.5;EUR;expense;Assicurazioni;Assicurazioni;UnipolSai;UnipolSai;True;monthly;;;;
5;2023-10-03;Sushi Ko;55.59;EUR;expense;Ristoranti;Ristoranti;Sushi Ko;Sushi Ko;False;;;;;
6;2023-10-04;Bar Centrale colazione;4.74;EUR;expense;Bar e caffè;Ristoranti;Bar Centrale;Bar Centrale;False;;;;;
7;2023-10-04;Netflix abbonamento;12.99;EUR;expense;Streaming;Abbonamenti;Netflix;Netflix;True;monthly;;;;
8;2023-10-06;Spotify Premium;10.99;EUR;expense;Streaming;Abbonamenti;Spotify;Spotify;True;monthly;;;;
9;2023-10-08;Enel Energia bolletta luce e gas;48.35;EUR;expense;Bollette;Bollette;Enel Energia;Enel Energia;True;monthly;;;;
10;2023-10-08;Lidl spesa;102.09;EUR;expense;Alimentari;Alimentari;Lidl;Lidl;False;;;;;
11;2023-10-09;Disney Plus;8.99;EUR;expense;Streaming;Abbonamenti;Disney+;Disney+;True;monthly;;;;
12;2023-10-09;Sushi Ko;28.77;EUR;expense;Ristoranti;Ristoranti;Sushi Ko;Sushi Ko;False;;;;;
13;2023-10-10;Giroconto verso conto titoli;250.0;EUR;transfer;Giroconto;Giroconto;Directa;Directa;False;;;;;
14;2023-10-12;Acquisto VWCE 2.5263 quote a 95.0 (PAC);240.0;EUR;transfer;Investimenti;Investimenti;Vanguard;Vanguard;False;;;;;
15;2023-10-12;Commissione ordine Directa;1.5;EUR;expense;Commissioni;Commissioni;Directa;Directa;False;;;;;
16;2023-10-12;TIM fibra casa;29.9;EUR;expense;Internet e telefono;Bollette;TIM;TIM;True;monthly;;;;
17;2023-10-14;Amazon Prime rinnovo annuale;49.9;EUR;expense;Abbonamenti;Abbonamenti;Amazon;Amazon;True;yearly;;;;
18;2023-10-16;Contributo fondo pensione Cometa;100.0;EUR;transfer;Investimenti;Investimenti;Cometa;Cometa;False;;;;;
19;2023-10-16;Lidl spesa;88.08;EUR;expense;Alimentari;Alimentari;Lidl;Lidl;False;;;;;
20;2023-10-17;Trattoria Milanese;30.37;EUR;expense;Ristoranti;Ristoranti;Trattoria Milanese;Trattoria Milanese;False;;;;;
21;2023-10-18;Iliad ricarica mobile;9.99;EUR;expense;Internet e telefono;Bollette;Iliad;Iliad;True;monthly;;;;
22;2023-10-19;Teatro alla Scala;10.58;EUR;expense;Svago;Svago;Teatro alla Scala;Teatro alla Scala;False;;;;;
23;2023-10-20;Decathlon acquisto;26.24;EUR;expense;Shopping;Shopping;Decathlon;Decathlon;False;;;;;
24;2023-10-20;Palestra FitActive;34.9;EUR;expense;Palestra;Palestra;FitActive;FitActive;True;monthly;;;;
25;2023-10-22;Fattura consulenza Studio Bianchi;1096.43;EUR;income;Freelance;Freelance;Studio Bianchi;Studio Bianchi, lavoro;False;;;;;
26;2023-10-25;Conad spesa;92.44;EUR;expense;Alimentari;Alimentari;Conad;Conad;False;;;;;
27;2023-10-27;Stipendio ACME S.p.A.;2300.0;EUR;income;Stipendio;Stipendio;ACME S.p.A.;ACME S.p.A.;True;monthly;;;;
28;2023-11-01;Rata mutuo Intesa Sanpaolo;858.4;EUR;expense;Mutuo;Casa;Intesa Sanpaolo;Intesa Sanpaolo;True;monthly;;;;
29;2023-11-02;Giroconto dal deposito per acquisto BTP;10000.0;EUR;transfer;Giroconto;Giroconto;Directa;Directa;False;;;;;
30;2023-11-02;Giroconto verso conto deposito;300.0;EUR;transfer;Giroconto;Giroconto;Illimity;Illimity;False;;;;;
31;2023-11-03;Esselunga spesa;50.01;EUR;expense;Alimentari;Alimentari;Esselunga;Esselunga;False;;;;;
32;2023-11-03;Premio assicurazione casa UnipolSai;24.5;EUR;expense;Assicurazioni;Assicurazioni;UnipolSai;UnipolSai;True;monthly;;;;
33;2023-11-04;Netflix abbonamento;12.99;EUR;expense;Streaming;Abbonamenti;Netflix;Netflix;True;monthly;;;;
34;2023-11-04;Pizzeria Napoli;32.98;EUR;expense;Ristoranti;Ristoranti;Pizzeria Napoli;Pizzeria Napoli;False;;;;;
35;2023-11-05;Bar Centrale colazione;5.99;EUR;expense;Bar e caffè;Ristoranti;Bar Centrale;Bar Centrale;False;;;;;
36;2023-11-06;Acquisto BTP Italia 2030 nominali 10.000 a 99,50;9950.0;EUR;transfer;Investimenti;Investimenti;MEF;MEF;False;;;;;
37;2023-11-06;Cinema UCI;65.16;EUR;expense;Svago;Svago;Cinema UCI;Cinema UCI;False;;;;;
38;2023-11-06;Q8 carburante;59.83;EUR;expense;Carburante;Trasporto;Q8;Q8;False;;;;;
39;2023-11-06;Spotify Premium;10.99;EUR;expense;Streaming;Abbonamenti;Spotify;Spotify;True;monthly;;;;
40;2023-11-08;Enel Energia bolletta luce e gas;117.8;EUR;expense;Bollette;Bollette;Enel Energia;Enel Energia;True;monthly;;;;
41;2023-11-09;Disney Plus;8.99;EUR;expense;Streaming;Abbonamenti;Disney+;Disney+;True;monthly;;;;
42;2023-11-09;IKEA acquisto;116.73;EUR;expense;Shopping;Shopping;IKEA;IKEA;False;;;;;
43;2023-11-10;Giroconto verso conto titoli;250.0;EUR;transfer;Giroconto;Giroconto;Directa;Directa;False;;;;;
44;2023-11-11;Coop spesa;103.84;EUR;expense;Alimentari;Alimentari;Coop;Coop;False;;;;;
45;2023-11-12;Acquisto VWCE 2.4679 quote a 97.25 (PAC);240.0;EUR;transfer;Investimenti;Investimenti;Vanguard;Vanguard;False;;;;;
46;2023-11-12;Commissione ordine Directa;1.5;EUR;expense;Commissioni;Commissioni;Directa;Directa;False;;;;;
47;2023-11-12;Sushi Ko;36.4;EUR;expense;Ristoranti;Ristoranti;Sushi Ko;Sushi Ko;False;;;;;
48;2023-11-12;TIM fibra casa;29.9;EUR;expense;Internet e telefono;Bollette;TIM;TIM;True;monthly;;;;
49;2023-11-14;Eni carburante;52.56;EUR;expense;Carburante;Trasporto;Eni;Eni;False;;;;;
50;2023-11-15;Addebito estratto conto carta Visa;239.16;EUR;transfer;Giroconto;Giroconto;Visa;Visa;False;;;;;
51;2023-11-15;Premio RC capofamiglia Reale Mutua;95.0;EUR;expense;Assicurazioni;Assicurazioni;Reale Mutua;Reale Mutua;True;yearly;;;;
52;2023-11-16;Contributo fondo pensione Cometa;100.0;EUR;transfer;Investimenti;Investimenti;Cometa;Cometa;False;;;;;
53;2023-11-16;Farmacia Comunale;50.43;EUR;expense;Salute;Salute;Farmacia Comunale;Farmacia Comunale, detraibile;False;;;;;
54;2023-11-16;TARI rata comune;148.34;EUR;expense;Tasse e imposte;Tasse e imposte;Comune di Milano;Comune di Milano;False;;;;;
55;2023-11-17;Lidl spesa;51.14;EUR;expense;Alimentari;Alimentari;Lidl;Lidl;False;;;;;
56;2023-11-18;Iliad ricarica mobile;9.99;EUR;expense;Internet e telefono;Bollette;Iliad;Iliad;True;monthly;;;;
57;2023-11-19;Bar Centrale colazione;2.03;EUR;expense;Bar e caffè;Ristoranti;Bar Centrale;Bar Centrale;False;;;;;
58;2023-11-20;Palestra FitActive;34.9;EUR;expense;Palestra;Palestra;FitActive;FitActive;True;monthly;;;;
59;2023-11-25;Esselunga spesa;98.44;EUR;expense;Alimentari;Alimentari;Esselunga;Esselunga;False;;;;;
60;2023-11-27;Bar Centrale colazione;4.63;EUR;expense;Bar e caffè;Ristoranti;Bar Centrale;Bar Centrale;False;;;;;
61;2023-11-27;Stipendio ACME S.p.A.;2300.0;EUR;income;Stipendio;Stipendio;ACME S.p.A.;ACME S.p.A.;True;monthly;;;;
62;2023-11-28;Eni carburante;72.57;EUR;expense;Carburante;Trasporto;Eni;Eni;False;;;;;
63;2023-12-01;Rata mutuo Intesa Sanpaolo;858.4;EUR;expense;Mutuo;Casa;Intesa Sanpaolo;Intesa Sanpaolo;True;monthly;;;;
64;2023-12-02;Coop spesa;70.49;EUR;expense;Alimentari;Alimentari;Coop;Coop;False;;;;;
65;2023-12-02;Giroconto verso conto deposito;300.0;EUR;transfer;Giroconto;Giroconto;Illimity;Illimity;False;;;;;
66;2023-12-03;Premio assicurazione casa UnipolSai;24.5;EUR;expense;Assicurazioni;Assicurazioni;UnipolSai;UnipolSai;True;monthly;;;;
67;2023-12-03;Trattoria Milanese;52.85;EUR;expense;Ristoranti;Ristoranti;Trattoria Milanese;Trattoria Milanese;False;;;;;
68;2023-12-04;Netflix abbonamento;12.99;EUR;expense;Streaming;Abbonamenti;Netflix;Netflix;True;monthly;;;;
69;2023-12-05;IP carburante;59.6;EUR;expense;Carburante;Trasporto;IP;IP;False;;;;;
70;2023-12-06;Spotify Premium;10.99;EUR;expense;Streaming;Abbonamenti;Spotify;Spotify;True;monthly;;;;
71;2023-12-08;Coop spesa;107.17;EUR;expense;Alimentari;Alimentari;Coop;Coop;False;;;;;
72;2023-12-08;Enel Energia bolletta luce e gas;156.97;EUR;expense;Bollette;Bollette;Enel Energia;Enel Energia;True;monthly;;;;
73;2023-12-09;Disney Plus;8.99;EUR;expense;Streaming;Abbonamenti;Disney+;Disney+;True;monthly;;;;
74;2023-12-10;Bar Centrale colazione;2.89;EUR;expense;Bar e caffè;Ristoranti;Bar Centrale;Bar Centrale;False;;;;;
75;2023-12-10;Giroconto verso conto titoli;250.0;EUR;transfer;Giroconto;Giroconto;Directa;Directa;False;;;;;
76;2023-12-12;Acquisto VWCE 2.4169 quote a 99.3 (PAC);240.0;EUR;transfer;Investimenti;Investimenti;Vanguard;Vanguard;False;;;;;
77;2023-12-12;Commissione ordine Directa;1.5;EUR;expense;Commissioni;Commissioni;Directa;Directa;False;;;;;
78;2023-12-12;Regali di Natale;327.76;EUR;expense;Regali e donazioni;Regali e donazioni;Vari;Vari;False;;;;;
79;2023-12-12;TIM fibra casa;29.9;EUR;expense;Internet e telefono;Bollette;TIM;TIM;True;monthly;;;;
80;2023-12-15;Addebito estratto conto carta Visa;296.89;EUR;transfer;Giroconto;Giroconto;Visa;Visa;False;;;;;
81;2023-12-16;Contributo fondo pensione Cometa;100.0;EUR;transfer;Investimenti;Investimenti;Cometa;Cometa;False;;;;;
82;2023-12-17;Conad spesa;86.08;EUR;expense;Alimentari;Alimentari;Conad;Conad;False;;;;;
83;2023-12-18;Decathlon acquisto;162.59;EUR;expense;Shopping;Shopping;Decathlon;Decathlon;False;;;;;
84;2023-12-18;Iliad ricarica mobile;9.99;EUR;expense;Internet e telefono;Bollette;Iliad;Iliad;True;monthly;;;;
85;2023-12-18;Pizzeria Napoli;62.13;EUR;expense;Ristoranti;Ristoranti;Pizzeria Napoli;Pizzeria Napoli;False;;;;;
86;2023-12-20;Eni carburante;56.8;EUR;expense;Carburante;Trasporto;Eni;Eni;False;;;;;
87;2023-12-20;Palestra FitActive;34.9;EUR;expense;Palestra;Palestra;FitActive;FitActive;True;monthly;;;;
88;2023-12-26;Dividendo VWCE;2.08;EUR;income;Dividendi e cedole;Dividendi e cedole;Vanguard;Vanguard;False;;;;;
89;2023-12-26;Esselunga spesa;81.22;EUR;expense;Alimentari;Alimentari;Esselunga;Esselunga;False;;;;;
90;2023-12-27;Pizzeria Napoli;24.85;EUR;expense;Ristoranti;Ristoranti;Pizzeria Napoli;Pizzeria Napoli;False;;;;;
91;2023-12-27;Stipendio ACME S.p.A.;4600.0;EUR;income;Stipendio;Stipendio;ACME S.p.A.;ACME S.p.A.;True;monthly;;;;
92;2023-12-28;Bar Centrale colazione;8.16;EUR;expense;Bar e caffè;Ristoranti;Bar Centrale;Bar Centrale;False;;;;;
93;2023-12-29;Q8 carburante;56.73;EUR;expense;Carburante;Trasporto;Q8;Q8;False;;;;;
94;2023-12-30;Interessi maturati conto deposito;27.06;EUR;income;Interessi;Interessi;Illimity;Illimity;False;;;;;
95;2024-01-01;Rata mutuo Intesa Sanpaolo;858.4;EUR;expense;Mutuo;Casa;Intesa Sanpaolo;Intesa Sanpaolo;True;monthly;;;;
96;2024-01-02;Giroconto verso conto deposito;300.0;EUR;transfer;Giroconto;Giroconto;Illimity;Illimity;False;;;;;
97;2024-01-03;Premio assicurazione casa UnipolSai;24.5;EUR;expense;Assicurazioni;Assicurazioni;UnipolSai;UnipolSai;True;monthly;;;;
98;2024-01-04;Netflix abbonamento;12.99;EUR;expense;Streaming;Abbonamenti;Netflix;Netflix;True;monthly;;;;
99;2024-01-05;Coop spesa;77.12;EUR;expense;Alimentari;Alimentari;Coop;Coop;False;;;;;"Alimentari 53,98; Casa 23,14"
100;2024-01-06;Spotify Premium;10.99;EUR;expense;Streaming;Abbonamenti;Spotify;Spotify;True;monthly;;;;
101;2024-01-06;Sushi Ko;32.62;EUR;expense;Ristoranti;Ristoranti;Sushi Ko;Sushi Ko;False;;;;;
102;2024-01-07;Bar Centrale colazione;8.53;EUR;expense;Bar e caffè;Ristoranti;Bar Centrale;Bar Centrale;False;;;;;
103;2024-01-08;Enel Energia bolletta luce e gas;131.1;EUR;expense;Bollette;Bollette;Enel Energia;Enel Energia;True;monthly;;;;
104;2024-01-08;Q8 carburante;57.11;EUR;expense;Carburante;Trasporto;Q8;Q8;False;;;;;
105;2024-01-09;Disney Plus;8.99;EUR;expense;Streaming;Abbonamenti;Disney+;Disney+;True;monthly;;;;
106;2024-01-10;Giroconto verso conto titoli;250.0;EUR;transfer;Giroconto;Giroconto;Directa;Directa;False;;;;;
107;2024-01-10;Lidl spesa;114.26;EUR;expense;Alimentari;Alimentari;Lidl;Lidl;False;;;;;
108;2024-01-11;Pizzeria Napoli;52.37;EUR;expense;Ristoranti;Ristoranti;Pizzeria Napoli;Pizzeria Napoli;False;;;;;
109;2024-01-12;Acquisto VWCE 2.3779 quote a 100.93 (PAC);240.0;EUR;transfer;Investimenti;Investimenti;Vanguard;Vanguard;False;;;;;
110;2024-01-12;Bar Centrale colazione;6.9;EUR;expense;Bar e caffè;Ristoranti;Bar Centrale;Bar Centrale;False;;;;;
111;2024-01-12;Commissione ordine Directa;1.5;EUR;expense;Commissioni;Commissioni;Directa;Directa;False;;;;;
112;2024-01-12;TIM fibra casa;29.9;EUR;expense;Internet e telefono;Bollette;TIM;TIM;True;monthly;;;;
113;2024-01-15;Addebito estratto conto carta Visa;674.2;EUR;transfer;Giroconto;Giroconto;Visa;Visa;False;;;;;
114;2024-01-16;Contributo fondo pensione Cometa;100.0;EUR;transfer;Investimenti;Investimenti;Cometa;Cometa;False;;;;;
115;2024-01-17;Esselunga spesa;54.25;EUR;expense;Alimentari;Alimentari;Esselunga;Esselunga;False;;;;;
116;2024-01-18;Iliad ricarica mobile;9.99;EUR;expense;Internet e telefono;Bollette;Iliad;Iliad;True;monthly;;;;
117;2024-01-18;Pizzeria Napoli;79.07;EUR;expense;Ristoranti;Ristoranti;Pizzeria Napoli;Pizzeria Napoli;False;;;;;
118;2024-01-19;Bar Centrale colazione;5.19;EUR;expense;Bar e caffè;Ristoranti;Bar Centrale;Bar Centrale;False;;;;;
119;2024-01-20;IP carburante;60.89;EUR;expense;Carburante;Trasporto;IP;IP;False;;;;;
120;2024-01-20;Palestra FitActive;34.9;EUR;expense;Palestra;Palestra;FitActive;FitActive;True;monthly;;;;
121;2024-01-24;Coop spesa;118.38;EUR;expense;Alimentari;Alimentari;Coop;Coop;False;;;;;
122;2024-01-25;Premio polizza vita Generali;180.0;EUR;expense;Assicurazioni;Assicurazioni;Generali;Generali;False;;;;;
123;2024-01-27;Stipendio ACME S.p.A.;2300.0;EUR;income;Stipendio;Stipendio;ACME S.p.A.;ACME S.p.A.;True;monthly;;;;
124;2024-01-28;Bollo auto ACI;286.0;EUR;expense;Tasse e imposte;Tasse e imposte;ACI;ACI;False;;;;;
125;2024-02-01;Rata mutuo Intesa Sanpaolo;858.4;EUR;expense;Mutuo;Casa;Intesa Sanpaolo;Intesa Sanpaolo;True;monthly;;;;
126;2024-02-02;Giroconto verso conto deposito;300.0;EUR;transfer;Giroconto;Giroconto;Illimity;Illimity;False;;;;;
127;2024-02-03;Premio assicurazione casa UnipolSai;24.5;EUR;expense;Assicurazioni;Assicurazioni;UnipolSai;UnipolSai;True;monthly;;;;
128;2024-02-04;Coop spesa;62.83;EUR;expense;Alimentari;Alimentari;Coop;Coop;False;;;;;
129;2024-02-04;Netflix abbonamento;12.99;EUR;expense;Streaming;Abbonamenti;Netflix;Netflix;True;monthly;;;;
130;2024-02-05;Acquisto Bitcoin su Young Platform;500.0;EUR;transfer;Investimenti;Investimenti;Young Platform;Young Platform;False;;;;;
131;2024-02-05;Ristorante Da Mario;75.29;EUR;expense;Ristoranti;Ristoranti;Ristorante Da Mario;Ristorante Da Mario;False;;;;;
132;2024-02-06;Bar Centrale colazione;4.71;EUR;expense;Bar e caffè;Ristoranti;Bar Centrale;Bar Centrale;False;;;;;
133;2024-02-06;Spotify Premium;10.99;EUR;expense;Streaming;Abbonamenti;Spotify;Spotify;True;monthly;;;;
134;2024-02-07;IP carburante;58.76;EUR;expense;Carburante;Trasporto;IP;IP;False;;;;;
135;2024-02-08;Coop spesa;80.43;EUR;expense;Alimentari;Alimentari;Coop;Coop;False;;;;;
136;2024-02-08;Enel Energia bolletta luce e gas;129.62;EUR;expense;Bollette;Bollette;Enel Energia;Enel Energia;True;monthly;;;;
137;2024-02-09;Disney Plus;8.99;EUR;expense;Streaming;Abbonamenti;Disney+;Disney+;True;monthly;;;;
138;2024-02-10;Genialloyd polizza auto;549.99;EUR;expense;Assicurazioni;Assicurazioni;Genialloyd;Genialloyd;True;yearly;;;;
139;2024-02-10;Giroconto verso conto titoli;250.0;EUR;transfer;Giroconto;Giroconto;Directa;Directa;False;;;;;
140;2024-02-11;IP carburante;49.34;EUR;expense;Carburante;Trasporto;IP;IP;False;;;;;
141;2024-02-12;Acquisto VWCE 2.3529 quote a 102.0 (PAC);240.0;EUR;transfer;Investimenti;Investimenti;Vanguard;Vanguard;False;;;;;
142;2024-02-12;Commissione ordine Directa;1.5;EUR;expense;Commissioni;Commissioni;Directa;Directa;False;;;;;
143;2024-02-12;TIM fibra casa;29.9;EUR;expense;Internet e telefono;Bollette;TIM;TIM;True;monthly;;;;
144;2024-02-15;Addebito estratto conto carta Visa;217.65;EUR;transfer;Giroconto;Giroconto;Visa;Visa;False;;;;;
145;2024-02-16;Contributo fondo pensione Cometa;100.0;EUR;transfer;Investimenti;Investimenti;Cometa;Cometa;False;;;;;
146;2024-02-18;Iliad ricarica mobile;9.99;EUR;expense;Internet e telefono;Bollette;Iliad;Iliad;True;monthly;;;;
147;2024-02-19;Cinema UCI;66.45;EUR;expense;Svago;Svago;Cinema UCI;Cinema UCI;False;;;;;
148;2024-02-19;Lidl spesa;49.88;EUR;expense;Alimentari;Alimentari;Lidl;Lidl;False;;;;;
149;2024-02-20;Palestra FitActive;34.9;EUR;expense;Palestra;Palestra;FitActive;FitActive;True;monthly;;;;
150;2024-02-20;Pizzeria Napoli;77.34;EUR;expense;Ristoranti;Ristoranti;Pizzeria Napoli;Pizzeria Napoli;False;;;;;
151;2024-02-22;Fattura consulenza Studio Bianchi;532.07;EUR;income;Freelance;Freelance;Studio Bianchi;Studio Bianchi, lavoro;False;;;;;
152;2024-02-24;Conad spesa;82.46;EUR;expense;Alimentari;Alimentari;Conad;Conad;False;;;;;
153;2024-02-27;IP carburante;48.35;EUR;expense;Carburante;Trasporto;IP;IP;False;;;;;
154;2024-02-27;Stipendio ACME S.p.A.;2300.0;EUR;income;Stipendio;Stipendio;ACME S.p.A.;ACME S.p.A.;True;monthly;;;;
155;2024-03-01;Rata mutuo Intesa Sanpaolo;858.4;EUR;expense;Mutuo;Casa;Intesa Sanpaolo;Intesa Sanpaolo;True;monthly;;;;
156;2024-03-02;Giroconto verso conto deposito;300.0;EUR;transfer;Giroconto;Giroconto;Illimity;Illimity;False;;;;;
157;2024-03-03;Premio assicurazione casa UnipolSai;24.5;EUR;expense;Assicurazioni;Assicurazioni;UnipolSai;UnipolSai;True;monthly;;;;
158;2024-03-04;Esselunga spesa;116.74;EUR;expense;Alimentari;Alimentari;Esselunga;Esselunga;False;;;;;
159;2024-03-04;Netflix abbonamento;12.99;EUR;expense;Streaming;Abbonamenti;Netflix;Netflix;True;monthly;;;;
160;2024-03-06;Bar Centrale colazione;3.65;EUR;expense;Bar e caffè;Ristoranti;Bar Centrale;Bar Centrale;False;;;;;
161;2024-03-06;Spotify Premium;10.99;EUR;expense;Streaming;Abbonamenti;Spotify;Spotify;True;monthly;;;;
162;2024-03-07;Rata finanziamento TV Findomestic;99.92;EUR;expense;Prestiti;Prestiti;Findomestic;Findomestic;True;monthly;;;;
163;2024-03-08;Enel Energia bolletta luce e gas;124.68;EUR;expense;Bollette;Bollette;Enel Energia;Enel Energia;True;monthly;;;;
164;2024-03-08;Giroconto per acquisto azioni;1500.0;EUR;transfer;Giroconto;Giroconto;Directa;Directa;False;;;;;
165;2024-03-09;Disney Plus;8.99;EUR;expense;Streaming;Abbonamenti;Disney+;Disney+;True;monthly;;;;
166;2024-03-10;Giroconto verso conto titoli;250.0;EUR;transfer;Giroconto;Giroconto;Directa;Directa;False;;;;;
167;2024-03-10;Zalando acquisto;43.6;EUR;expense;Shopping;Shopping;Zalando;Zalando;False;;;;;
168;2024-03-11;Acquisto 250 azioni Enel a 6,00;1500.0;EUR;transfer;Investimenti;Investimenti;Borsa Italiana;Borsa Italiana;False;;;;;
169;2024-03-11;Conad spesa;77.64;EUR;expense;Alimentari;Alimentari;Conad;Conad;False;;;;;
170;2024-03-12;Acquisto VWCE 2.3424 quote a 102.46 (PAC);240.0;EUR;transfer;Investimenti;Investimenti;Vanguard;Vanguard;False;;;;;
171;2024-03-12;Commissione ordine Directa;1.5;EUR;expense;Commissioni;Commissioni;Directa;Directa;False;;;;;
172;2024-03-12;Sushi Ko;54.7;EUR;expense;Ristoranti;Ristoranti;Sushi Ko;Sushi Ko;False;;;;;
173;2024-03-12;TIM fibra casa;29.9;EUR;expense;Internet e telefono;Bollette;TIM;TIM;True;monthly;;;;
174;2024-03-14;Eni carburante;74.53;EUR;expense;Carburante;Trasporto;Eni;Eni;False;;;;;
175;2024-03-15;Addebito estratto conto carta Visa;256.76;EUR;transfer;Giroconto;Giroconto;Visa;Visa;False;;;;;
176;2024-03-16;Contributo fondo pensione Cometa;100.0;EUR;transfer;Investimenti;Investimenti;Cometa;Cometa;False;;;;;
177;2024-03-17;Lidl spesa;88.34;EUR;expense;Alimentari;Alimentari;Lidl;Lidl;False;;;;;
178;2024-03-18;Iliad ricarica mobile;9.99;EUR;expense;Internet e telefono;Bollette;Iliad;Iliad;True;monthly;;;;
179;2024-03-19;Bar Centrale colazione;2.22;EUR;expense;Bar e caffè;Ristoranti;Bar Centrale;Bar Centrale;False;;;;;
180;2024-03-19;Libreria Feltrinelli;47.69;EUR;expense;Svago;Svago;Libreria Feltrinelli;Libreria Feltrinelli;False;;;;;
181;2024-03-20;Eni carburante;44.57;EUR;expense;Carburante;Trasporto;Eni;Eni;False;;;;;
182;2024-03-20;Palestra FitActive;34.9;EUR;expense;Palestra;Palestra;FitActive;FitActive;True;monthly;;;;
183;2024-03-22;Conad spesa;108.14;EUR;expense;Alimentari;Alimentari;Conad;Conad;False;;;;;
184;2024-03-24;Bar Centrale colazione;2.54;EUR;expense;Bar e caffè;Ristoranti;Bar Centrale;Bar Centrale;False;;;;;
185;2024-03-25;Eni carburante;69.67;EUR;expense;Carburante;Trasporto;Eni;Eni;False;;;;;
186;2024-03-26;Dividendo VWCE;4.06;EUR;income;Dividendi e cedole;Dividendi e cedole;Vanguard;Vanguard;False;;;;;
187;2024-03-27;Premio di produzione ACME;1245.02;EUR;income;Bonus e premi;Bonus e premi;ACME S.p.A.;ACME S.p.A.;False;;;;;
188;2024-03-27;Stipendio ACME S.p.A.;2300.0;EUR;income;Stipendio;Stipendio;ACME S.p.A.;ACME S.p.A.;True;monthly;;;;
189;2024-03-30;Interessi maturati conto deposito;33.18;EUR;income;Interessi;Interessi;Illimity;Illimity;False;;;;;
190;2024-04-01;Rata mutuo Intesa Sanpaolo;858.4;EUR;expense;Mutuo;Casa;Intesa Sanpaolo;Intesa Sanpaolo;True;monthly;;;;
191;2024-04-02;Coop spesa;110.75;EUR;expense;Alimentari;Alimentari;Coop;Coop;False;;;;;
192;2024-04-02;Giroconto verso conto deposito;300.0;EUR;transfer;Giroconto;Giroconto;Illimity;Illimity;False;;;;;
193;2024-04-03;Premio assicurazione casa UnipolSai;24.5;EUR;expense;Assicurazioni;Assicurazioni;UnipolSai;UnipolSai;True;monthly;;;;
194;2024-04-03;Ristorante Da Mario;40.88;EUR;expense;Ristoranti;Ristoranti;Ristorante Da Mario;Ristorante Da Mario;False;;;;;
195;2024-04-04;Bar Centrale colazione;4.62;EUR;expense;Bar e caffè;Ristoranti;Bar Centrale;Bar Centrale;False;;;;;
196;2024-04-04;Netflix abbonamento;12.99;EUR;expense;Streaming;Abbonamenti;Netflix;Netflix;True;monthly;;;;
197;2024-04-05;Eni carburante;74.36;EUR;expense;Carburante;Trasporto;Eni;Eni;False;;;;;
198;2024-04-06;Spotify Premium;10.99;EUR;expense;Streaming;Abbonamenti;Spotify;Spotify;True;monthly;;;;
199;2024-04-07;Rata finanziamento TV Findomestic;99.92;EUR;expense;Prestiti;Prestiti;Findomestic;Findomestic;True;monthly;;;;
200;2024-04-08;Conad spesa;113.37;EUR;expense;Alimentari;Alimentari;Conad;Conad;False;;;;;
201;2024-04-08;Enel Energia bolletta luce e gas;64.42;EUR;expense;Bollette;Bollette;Enel Energia;Enel Energia;True;monthly;;;;
202;2024-04-09;Disney Plus;8.99;EUR;expense;Streaming;Abbonamenti;Disney+;Disney+;True;monthly;;;;
203;2024-04-09;Pizzeria Napoli;26.36;EUR;expense;Ristoranti;Ristoranti;Pizzeria Napoli;Pizzeria Napoli;False;;;;;
204;2024-04-10;Bar Centrale colazione;8.19;EUR;expense;Bar e caffè;Ristoranti;Bar Centrale;Bar Centrale;False;;;;;
205;2024-04-10;Giroconto verso conto titoli;250.0;EUR;transfer;Giroconto;Giroconto;Directa;Directa;False;;;;;
206;2024-04-11;Eni carburante;47.28;EUR;expense;Carburante;Trasporto;Eni;Eni;False;;;;;
207;2024-04-12;Acquisto VWCE 2.3451 quote a 102.34 (PAC);240.0;EUR;transfer;Investimenti;Investimenti;Vanguard;Vanguard;False;;;;;
208;2024-04-12;Commissione ordine Directa;1.5;EUR;expense;Commissioni;Commissioni;Directa;Directa;False;;;;;
209;2024-04-12;TIM fibra casa;29.9;EUR;expense;Internet e telefono;Bollette;TIM;TIM;True;monthly;;;;
210;2024-04-15;Addebito estratto conto carta Visa;187.37;EUR;transfer;Giroconto;Giroconto;Visa;Visa;False;;;;;
211;2024-04-16;Contributo fondo pensione Cometa;100.0;EUR;transfer;Investimenti;Investimenti;Cometa;Cometa;False;;;;;
212;2024-04-17;Lidl spesa;46.53;EUR;expense;Alimentari;Alimentari;Lidl;Lidl;False;;;;;
213;2024-04-17;Teatro alla Scala;62.66;EUR;expense;Svago;Svago;Teatro alla Scala;Teatro alla Scala;False;;;;;
214;2024-04-18;Iliad ricarica mobile;9.99;EUR;expense;Internet e telefono;Bollette;Iliad;Iliad;True;monthly;;;;
215;2024-04-20;Palestra FitActive;34.9;EUR;expense;Palestra;Palestra;FitActive;FitActive;True;monthly;;;;
216;2024-04-22;Zalando acquisto;68.27;EUR;expense;Shopping;Shopping;Zalando;Zalando;False;;;;;
217;2024-04-27;Coop spesa;100.96;EUR;expense;Alimentari;Alimentari;Coop;Coop;False;;;;;
218;2024-04-27;Stipendio ACME S.p.A.;2300.0;EUR;income;Stipendio;Stipendio;ACME S.p.A.;ACME S.p.A.;True;monthly;;;;
219;2024-04-28;Trattoria Milanese;50.78;EUR;expense;Ristoranti;Ristoranti;Trattoria Milanese;Trattoria Milanese;False;;;;;
220;2024-04-29;Bar Centrale colazione;2.03;EUR;expense;Bar e caffè;Ristoranti;Bar Centrale;Bar Centrale;False;;;;;
221;2024-04-30;IP carburante;56.46;EUR;expense;Carburante;Trasporto;IP;IP;False;;;;;
222;2024-05-01;Rata mutuo Intesa Sanpaolo;858.4;EUR;expense;Mutuo;Casa;Intesa Sanpaolo;Intesa Sanpaolo;True;monthly;;;;
223;2024-05-02;Giroconto verso conto deposito;300.0;EUR;transfer;Giroconto;Giroconto;Illimity;Illimity;False;;;;;
224;2024-05-03;Premio assicurazione casa UnipolSai;24.5;EUR;expense;Assicurazioni;Assicurazioni;UnipolSai;UnipolSai;True;monthly;;;;
225;2024-05-04;Netflix abbonamento;12.99;EUR;expense;Streaming;Abbonamenti;Netflix;Netflix;True;monthly;;;;
226;2024-05-06;Lidl spesa;63.17;EUR;expense;Alimentari;Alimentari;Lidl;Lidl;False;;;;;
227;2024-05-06;Spotify Premium;10.99;EUR;expense;Streaming;Abbonamenti;Spotify;Spotify;True;monthly;;;;
228;2024-05-07;Pizzeria Napoli;65.88;EUR;expense;Ristoranti;Ristoranti;Pizzeria Napoli;Pizzeria Napoli;False;;;;;
229;2024-05-07;Rata finanziamento TV Findomestic;99.92;EUR;expense;Prestiti;Prestiti;Findomestic;Findomestic;True;monthly;;;;
230;2024-05-08;Bar Centrale colazione;8.53;EUR;expense;Bar e caffè;Ristoranti;Bar Centrale;Bar Centrale;False;;;;;
231;2024-05-08;Enel Energia bolletta luce e gas;45.29;EUR;expense;Bollette;Bollette;Enel Energia;Enel Energia;True;monthly;;;;
232;2024-05-09;Coop spesa;85.99;EUR;expense;Alimentari;Alimentari;Coop;Coop;False;;;;;
233;2024-05-09;Disney Plus;8.99;EUR;expense;Streaming;Abbonamenti;Disney+;Disney+;True;monthly;;;;
234;2024-05-09;Q8 carburante;74.69;EUR;expense;Carburante;Trasporto;Q8;Q8;False;;;;;
235;2024-05-10;Giroconto verso conto titoli;250.0;EUR;transfer;Giroconto;Giroconto;Directa;Directa;False;;;;;
236;2024-05-10;Trattoria Milanese;60.64;EUR;expense;Ristoranti;Ristoranti;Trattoria Milanese;Trattoria Milanese;False;;;;;
237;2024-05-12;Acquisto VWCE 2.3576 quote a 101.8 (PAC);240.0;EUR;transfer;Investimenti;Investimenti;Vanguard;Vanguard;False;;;;;
238;2024-05-12;Commissione ordine Directa;1.5;EUR;expense;Commissioni;Commissioni;Directa;Directa;False;;;;;
239;2024-05-12;IP carburante;63.8;EUR;expense;Carburante;Trasporto;IP;IP;False;;;;;
240;2024-05-12;TIM fibra casa;29.9;EUR;expense;Internet e telefono;Bollette;TIM;TIM;True;monthly;;;;
241;2024-05-15;Addebito estratto conto carta Visa;296.76;EUR;transfer;Giroconto;Giroconto;Visa;Visa;False;;;;;
242;2024-05-16;Contributo fondo pensione Cometa;100.0;EUR;transfer;Investimenti;Investimenti;Cometa;Cometa;False;;;;;
243;2024-05-16;Lidl spesa;44.73;EUR;expense;Alimentari;Alimentari;Lidl;Lidl;False;;;;;
244;2024-05-16;TARI rata comune;143.39;EUR;expense;Tasse e imposte;Tasse e imposte;Comune di Milano;Comune di Milano;False;;;;;
245;2024-05-17;Ristorante Da Mario;61.81;EUR;expense;Ristoranti;Ristoranti;Ristorante Da Mario;Ristorante Da Mario;False;;;;;
246;2024-05-18;Bar Centrale colazione;8.21;EUR;expense;Bar e caffè;Ristoranti;Bar Centrale;Bar Centrale;False;;;;;
247;2024-05-18;Iliad ricarica mobile;9.99;EUR;expense;Internet e telefono;Bollette;Iliad;Iliad;True;monthly;;;;
248;2024-05-20;Palestra FitActive;34.9;EUR;expense;Palestra;Palestra;FitActive;FitActive;True;monthly;;;;
249;2024-05-24;Zalando acquisto;66.25;EUR;expense;Shopping;Shopping;Zalando;Zalando;False;;;;;
250;2024-05-25;Coop spesa;60.3;EUR;expense;Alimentari;Alimentari;Coop;Coop;False;;;;;
251;2024-05-26;Pizzeria Napoli;27.19;EUR;expense;Ristoranti;Ristoranti;Pizzeria Napoli;Pizzeria Napoli;False;;;;;
252;2024-05-27;Bar Centrale colazione;3.98;EUR;expense;Bar e caffè;Ristoranti;Bar Centrale;Bar Centrale;False;;;;;
253;2024-05-27;Stipendio ACME S.p.A.;2300.0;EUR;income;Stipendio;Stipendio;ACME S.p.A.;ACME S.p.A.;True;monthly;;;;
254;2024-05-28;Cedola BTP Italia 2030;80.0;EUR;income;Dividendi e cedole;Dividendi e cedole;MEF;MEF;False;;;;;
255;2024-05-28;IP carburante;72.19;EUR;expense;Carburante;Trasporto;IP;IP;False;;;;;
256;2024-06-01;Conad spesa;85.13;EUR;expense;Alimentari;Alimentari;Conad;Conad;False;;;;;"Alimentari 59,59; Casa 25,54"
257;2024-06-01;Rata mutuo Intesa Sanpaolo;858.4;EUR;expense;Mutuo;Casa;Intesa Sanpaolo;Intesa Sanpaolo;True;monthly;;;;
258;2024-06-02;Giroconto verso conto deposito;300.0;EUR;transfer;Giroconto;Giroconto;Illimity;Illimity;False;;;;;
259;2024-06-03;Premio assicurazione casa UnipolSai;24.5;EUR;expense;Assicurazioni;Assicurazioni;UnipolSai;UnipolSai;True;monthly;;;;
260;2024-06-04;IP carburante;54.04;EUR;expense;Carburante;Trasporto;IP;IP;False;;;;;
261;2024-06-04;Netflix abbonamento;12.99;EUR;expense;Streaming;Abbonamenti;Netflix;Netflix;True;monthly;;;;
262;2024-06-06;Spotify Premium;10.99;EUR;expense;Streaming;Abbonamenti;Spotify;Spotify;True;monthly;;;;
263;2024-06-07;Rata finanziamento TV Findomestic;99.92;EUR;expense;Prestiti;Prestiti;Findomestic;Findomestic;True;monthly;;;;
264;2024-06-08;Enel Energia bolletta luce e gas;77.24;EUR;expense;Bollette;Bollette;Enel Energia;Enel Energia;True;monthly;;;;
265;2024-06-09;Concerto Forum;55.4;EUR;expense;Svago;Svago;Concerto Forum;Concerto Forum;False;;;;;
266;2024-06-09;Disney Plus;8.99;EUR;expense;Streaming;Abbonamenti;Disney+;Disney+;True;monthly;;;;
267;2024-06-10;Giroconto verso conto titoli;250.0;EUR;transfer;Giroconto;Giroconto;Directa;Directa;False;;;;;
268;2024-06-10;Lidl spesa;36.51;EUR;expense;Alimentari;Alimentari;Lidl;Lidl;False;;;;;
269;2024-06-12;Acquisto VWCE 2.3758 quote a 101.02 (PAC);240.0;EUR;transfer;Investimenti;Investimenti;Vanguard;Vanguard;False;;;;;
270;2024-06-12;Bar Centrale colazione;8.47;EUR;expense;Bar e caffè;Ristoranti;Bar Centrale;Bar Centrale;False;;;;;
271;2024-06-12;Commissione ordine Directa;1.5;EUR;expense;Commissioni;Commissioni;Directa;Directa;False;;;;;
272;2024-06-12;TIM fibra casa;29.9;EUR;expense;Internet e telefono;Bollette;TIM;TIM;True;monthly;;;;
273;2024-06-15;Addebito estratto conto carta Visa;335.46;EUR;transfer;Giroconto;Giroconto;Visa;Visa;False;;;;;
274;2024-06-15;Lidl spesa;71.65;EUR;expense;Alimentari;Alimentari;Lidl;Lidl;False;;;;;
275;2024-06-16;Contributo fondo pensione Cometa;100.0;EUR;transfer;Investimenti;Investimenti;Cometa;Cometa;False;;;;;
276;2024-06-16;Ristorante Da Mario;40.37;EUR;expense;Ristoranti;Ristoranti;Ristorante Da Mario;Ristorante Da Mario;False;;;;;
277;2024-06-18;Iliad ricarica mobile;9.99;EUR;expense;Internet e telefono;Bollette;Iliad;Iliad;True;monthly;;;;
278;2024-06-19;Fattura consulenza Studio Bianchi;948.59;EUR;income;Freelance;Freelance;Studio Bianchi;Studio Bianchi, lavoro;False;;;;;
279;2024-06-20;Palestra FitActive;34.9;EUR;expense;Palestra;Palestra;FitActive;FitActive;True;monthly;;;;
280;2024-06-26;Dividendo VWCE;6.04;EUR;income;Dividendi e cedole;Dividendi e cedole;Vanguard;Vanguard;False;;;;;
281;2024-06-26;Esselunga spesa;95.98;EUR;expense;Alimentari;Alimentari;Esselunga;Esselunga;False;;;;;
282;2024-06-26;IKEA acquisto;71.87;EUR;expense;Shopping;Shopping;IKEA;IKEA;False;;;;;
283;2024-06-27;Stipendio ACME S.p.A.;2300.0;EUR;income;Stipendio;Stipendio;ACME S.p.A.;ACME S.p.A.;True;monthly;;;;
284;2024-06-28;Bar Centrale colazione;2.73;EUR;expense;Bar e caffè;Ristoranti;Bar Centrale;Bar Centrale;False;;;;;
285;2024-06-30;Interessi maturati conto deposito;31.66;EUR;income;Interessi;Interessi;Illimity;Illimity;False;;;;;
286;2024-07-01;Rata mutuo Intesa Sanpaolo;858.4;EUR;expense;Mutuo;Casa;Intesa Sanpaolo;Intesa Sanpaolo;True;monthly;;;;
287;2024-07-02;Giroconto verso conto deposito;300.0;EUR;transfer;Giroconto;Giroconto;Illimity;Illimity;False;;;;;
288;2024-07-03;Lidl spesa;61.43;EUR;expense;Alimentari;Alimentari;Lidl;Lidl;False;;;;;"Alimentari 43,00; Casa 18,43"
289;2024-07-03;Premio assicurazione casa UnipolSai;24.5;EUR;expense;Assicurazioni;Assicurazioni;UnipolSai;UnipolSai;True;monthly;;;;
290;2024-07-04;Netflix abbonamento;12.99;EUR;expense;Streaming;Abbonamenti;Netflix;Netflix;True;monthly;;;;
291;2024-07-06;IP carburante;42.93;EUR;expense;Carburante;Trasporto;IP;IP;False;;;;;
292;2024-07-06;Spotify Premium;10.99;EUR;expense;Streaming;Abbonamenti;Spotify;Spotify;True;monthly;;;;
293;2024-07-07;Rata finanziamento TV Findomestic;99.92;EUR;expense;Prestiti;Prestiti;Findomestic;Findomestic;True;monthly;;;;
294;2024-07-08;Enel Energia bolletta luce e gas;63.75;EUR;expense;Bollette;Bollette;Enel Energia;Enel Energia;True;monthly;;;;
295;2024-07-09;Disney Plus;8.99;EUR;expense;Streaming;Abbonamenti;Disney+;Disney+;True;monthly;;;;
296;2024-07-10;Giroconto verso conto titoli;250.0;EUR;transfer;Giroconto;Giroconto;Directa;Directa;False;;;;;
297;2024-07-11;Lidl spesa;96.27;EUR;expense;Alimentari;Alimentari;Lidl;Lidl;False;;;;;
298;2024-07-12;Acquisto VWCE 2.3938 quote a 100.26 (PAC);240.0;EUR;transfer;Investimenti;Investimenti;Vanguard;Vanguard;False;;;;;
299;2024-07-12;Commissione ordine Directa;1.5;EUR;expense;Commissioni;Commissioni;Directa;Directa;False;;;;;
300;2024-07-12;TIM fibra casa;29.9;EUR;expense;Internet e telefono;Bollette;TIM;TIM;True;monthly;;;;
301;2024-07-13;Bar Centrale colazione;3.34;EUR;expense;Bar e caffè;Ristoranti;Bar Centrale;Bar Centrale;False;;;;;
302;2024-07-13;Farmacia Comunale;46.77;EUR;expense;Salute;Salute;Farmacia Comunale;Farmacia Comunale, detraibile;False;;;;;
303;2024-07-15;Addebito estratto conto carta Visa;211.81;EUR;transfer;Giroconto;Giroconto;Visa;Visa;False;;;;;
304;2024-07-16;Contributo fondo pensione Cometa;100.0;EUR;transfer;Investimenti;Investimenti;Cometa;Cometa;False;;;;;
305;2024-07-16;Coop spesa;105.14;EUR;expense;Alimentari;Alimentari;Coop;Coop;False;;;;;
306;2024-07-17;Pizzeria Napoli;74.9;EUR;expense;Ristoranti;Ristoranti;Pizzeria Napoli;Pizzeria Napoli;False;;;;;
307;2024-07-18;Bar Centrale colazione;4.21;EUR;expense;Bar e caffè;Ristoranti;Bar Centrale;Bar Centrale;False;;;;;
308;2024-07-18;Iliad ricarica mobile;9.99;EUR;expense;Internet e telefono;Bollette;Iliad;Iliad;True;monthly;;;;
309;2024-07-18;Libreria Feltrinelli;51.4;EUR;expense;Svago;Svago;Libreria Feltrinelli;Libreria Feltrinelli;False;;;;;
310;2024-07-20;Giroconto da conto deposito per vacanze;1200.0;EUR;transfer;Giroconto;Giroconto;Illimity;Illimity;False;;;;;
311;2024-07-20;Palestra FitActive;34.9;EUR;expense;Palestra;Palestra;FitActive;FitActive;True;monthly;;;;
312;2024-07-24;Dividendo Enel;53.75;EUR;income;Dividendi e cedole;Dividendi e cedole;Enel;Enel;False;;;;;
313;2024-07-25;Premio polizza vita Generali;180.0;EUR;expense;Assicurazioni;Assicurazioni;Generali;Generali;False;;;;;
314;2024-07-26;Amazon acquisto;63.37;EUR;expense;Shopping;Shopping;Amazon;Amazon;False;;;;;
315;2024-07-27;Esselunga spesa;59.51;EUR;expense;Alimentari;Alimentari;Esselunga;Esselunga;False;;;;;
316;2024-07-27;Stipendio ACME S.p.A.;2300.0;EUR;income;Stipendio;Stipendio;ACME S.p.A.;ACME S.p.A.;True;monthly;;;;
317;2024-07-28;Ristorante Da Mario;68.26;EUR;expense;Ristoranti;Ristoranti;Ristorante Da Mario;Ristorante Da Mario;False;;;;;
318;2024-07-29;Bar Centrale colazione;6.83;EUR;expense;Bar e caffè;Ristoranti;Bar Centrale;Bar Centrale;False;;;;;
319;2024-08-01;Rata mutuo Intesa Sanpaolo;858.4;EUR;expense;Mutuo;Casa;Intesa Sanpaolo;Intesa Sanpaolo;True;monthly;;;;
320;2024-08-02;Giroconto verso conto deposito;300.0;EUR;transfer;Giroconto;Giroconto;Illimity;Illimity;False;;;;;
321;2024-08-03;Premio assicurazione casa UnipolSai;24.5;EUR;expense;Assicurazioni;Assicurazioni;UnipolSai;UnipolSai;True;monthly;;;;
322;2024-08-03;Volo e hotel vacanze Puglia;1311.63;EUR;expense;Viaggi;Viaggi;Booking.com;Booking.com;False;;;;;
323;2024-08-04;Netflix abbonamento;12.99;EUR;expense;Streaming;Abbonamenti;Netflix;Netflix;True;monthly;;;;
324;2024-08-05;Lidl spesa;78.3;EUR;expense;Alimentari;Alimentari;Lidl;Lidl;False;;;;;
325;2024-08-06;Spotify Premium;10.99;EUR;expense;Streaming;Abbonamenti;Spotify;Spotify;True;monthly;;;;
326;2024-08-06;Trattoria Milanese;76.66;EUR;expense;Ristoranti;Ristoranti;Trattoria Milanese;Trattoria Milanese;False;;;;;
327;2024-08-07;Rata finanziamento TV Findomestic;99.92;EUR;expense;Prestiti;Prestiti;Findomestic;Findomestic;True;monthly;;;;
328;2024-08-08;Enel Energia bolletta luce e gas;68.89;EUR;expense;Bollette;Bollette;Enel Energia;Enel Energia;True;monthly;;;;
329;2024-08-09;Disney Plus;8.99;EUR;expense;Streaming;Abbonamenti;Disney+;Disney+;True;monthly;;;;
330;2024-08-10;Giroconto verso conto titoli;250.0;EUR;transfer;Giroconto;Giroconto;Directa;Directa;False;;;;;
331;2024-08-10;Ottico Salmoiraghi;179.44;EUR;expense;Salute;Salute;Ottico Salmoiraghi;Ottico Salmoiraghi, detraibile;False;;;;;
332;2024-08-10;Zalando acquisto;150.6;EUR;expense;Shopping;Shopping;Zalando;Zalando;False;;;;;
333;2024-08-12;Acquisto VWCE 2.4055 quote a 99.77 (PAC);240.0;EUR;transfer;Investimenti;Investimenti;Vanguard;Vanguard;False;;;;;
334;2024-08-12;Commissione ordine Directa;1.5;EUR;expense;Commissioni;Commissioni;Directa;Directa;False;;;;;
335;2024-08-12;Conad spesa;67.53;EUR;expense;Alimentari;Alimentari;Conad;Conad;False;;;;;
336;2024-08-12;TIM fibra casa;29.9;EUR;expense;Internet e telefono;Bollette;TIM;TIM;True;monthly;;;;
337;2024-08-15;Addebito estratto conto carta Visa;305.28;EUR;transfer;Giroconto;Giroconto;Visa;Visa;False;;;;;
338;2024-08-15;Conad spesa;101.96;EUR;expense;Alimentari;Alimentari;Conad;Conad;False;;;;;
339;2024-08-16;Contributo fondo pensione Cometa;100.0;EUR;transfer;Investimenti;Investimenti;Cometa;Cometa;False;;;;;
340;2024-08-18;IP carburante;45.57;EUR;expense;Carburante;Trasporto;IP;IP;False;;;;;
341;2024-08-18;Iliad ricarica mobile;9.99;EUR;expense;Internet e telefono;Bollette;Iliad;Iliad;True;monthly;;;;
342;2024-08-20;Palestra FitActive;34.9;EUR;expense;Palestra;Palestra;FitActive;FitActive;True;monthly;;;;
343;2024-08-27;Esselunga spesa;95.31;EUR;expense;Alimentari;Alimentari;Esselunga;Esselunga;False;;;;;
344;2024-08-27;Stipendio ACME S.p.A.;2300.0;EUR;income;Stipendio;Stipendio;ACME S.p.A.;ACME S.p.A.;True;monthly;;;;
345;2024-08-29;Bar Centrale colazione;6.91;EUR;expense;Bar e caffè;Ristoranti;Bar Centrale;Bar Centrale;False;;;;;
346;2024-09-01;Rata mutuo Intesa Sanpaolo;858.4;EUR;expense;Mutuo;Casa;Intesa Sanpaolo;Intesa Sanpaolo;True;monthly;;;;
347;2024-09-02;Giroconto verso conto deposito;300.0;EUR;transfer;Giroconto;Giroconto;Illimity;Illimity;False;;;;;
348;2024-09-03;Premio assicurazione casa UnipolSai;24.5;EUR;expense;Assicurazioni;Assicurazioni;UnipolSai;UnipolSai;True;monthly;;;;
349;2024-09-04;Netflix abbonamento;12.99;EUR;expense;Streaming;Abbonamenti;Netflix;Netflix;True;monthly;;;;
350;2024-09-05;Rata prestito auto Agos;276.6;EUR;expense;Prestiti;Prestiti;Agos;Agos;True;monthly;;;;
351;2024-09-06;Esselunga spesa;103.82;EUR;expense;Alimentari;Alimentari;Esselunga;Esselunga;False;;;;;
352;2024-09-06;Spotify Premium;10.99;EUR;expense;Streaming;Abbonamenti;Spotify;Spotify;True;monthly;;;;
353;2024-09-07;Rata finanziamento TV Findomestic;99.92;EUR;expense;Prestiti;Prestiti;Findomestic;Findomestic;True;monthly;;;;
354;2024-09-08;Bar Centrale colazione;8.46;EUR;expense;Bar e caffè;Ristoranti;Bar Centrale;Bar Centrale;False;;;;;
355;2024-09-08;Enel Energia bolletta luce e gas;56.2;EUR;expense;Bollette;Bollette;Enel Energia;Enel Energia;True;monthly;;;;
356;2024-09-09;Disney Plus;8.99;EUR;expense;Streaming;Abbonamenti;Disney+;Disney+;True;monthly;;;;
357;2024-09-09;Libreria Feltrinelli;50.34;EUR;expense;Svago;Svago;Libreria Feltrinelli;Libreria Feltrinelli;False;;;;;
358;2024-09-10;Giroconto verso conto titoli;250.0;EUR;transfer;Giroconto;Giroconto;Directa;Directa;False;;;;;
359;2024-09-11;Lidl spesa;70.37;EUR;expense;Alimentari;Alimentari;Lidl;Lidl;False;;;;;
360;2024-09-12;Acquisto VWCE 2.4058 quote a 99.76 (PAC);240.0;EUR;transfer;Investimenti;Investimenti;Vanguard;Vanguard;False;;;;;
361;2024-09-12;Commissione ordine Directa;1.5;EUR;expense;Commissioni;Commissioni;Directa;Directa;False;;;;;
362;2024-09-12;Sushi Ko;48.23;EUR;expense;Ristoranti;Ristoranti;Sushi Ko;Sushi Ko;False;;;;;
363;2024-09-12;TIM fibra casa;29.9;EUR;expense;Internet e telefono;Bollette;TIM;TIM;True;monthly;;;;
364;2024-09-12;Zalando acquisto;123.41;EUR;expense;Shopping;Shopping;Zalando;Zalando;False;;;;;
365;2024-09-13;Bar Centrale colazione;4.67;EUR;expense;Bar e caffè;Ristoranti;Bar Centrale;Bar Centrale;False;;;;;
366;2024-09-14;Eni carburante;56.95;EUR;expense;Carburante;Trasporto;Eni;Eni;False;;;;;
367;2024-09-15;Addebito estratto conto carta Visa;1578.77;EUR;transfer;Giroconto;Giroconto;Visa;Visa;False;;;;;
368;2024-09-16;Contributo fondo pensione Cometa;100.0;EUR;transfer;Investimenti;Investimenti;Cometa;Cometa;False;;;;;
369;2024-09-18;Iliad ricarica mobile;9.99;EUR;expense;Internet e telefono;Bollette;Iliad;Iliad;True;monthly;;;;
370;2024-09-20;Coop spesa;35.52;EUR;expense;Alimentari;Alimentari;Coop;Coop;False;;;;;
371;2024-09-20;Palestra FitActive;34.9;EUR;expense;Palestra;Palestra;FitActive;FitActive;True;monthly;;;;
372;2024-09-20;Premio polizza salute Allianz;420.0;EUR;expense;Assicurazioni;Assicurazioni;Allianz;Allianz;True;yearly;;;;
373;2024-09-21;Ristorante Da Mario;31.25;EUR;expense;Ristoranti;Ristoranti;Ristorante Da Mario;Ristorante Da Mario;False;;;;;
374;2024-09-22;Bar Centrale colazione;8.18;EUR;expense;Bar e caffè;Ristoranti;Bar Centrale;Bar Centrale;False;;;;;
375;2024-09-26;Dividendo VWCE;8.06;EUR;income;Dividendi e cedole;Dividendi e cedole;Vanguard;Vanguard;False;;;;;
376;2024-09-27;Lidl spesa;45.3;EUR;expense;Alimentari;Alimentari;Lidl;Lidl;False;;;;;
377;2024-09-27;Stipendio ACME S.p.A.;2300.0;EUR;income;Stipendio;Stipendio;ACME S.p.A.;ACME S.p.A.;True;monthly;;;;
378;2024-09-28;Trattoria Milanese;71.46;EUR;expense;Ristoranti;Ristoranti;Trattoria Milanese;Trattoria Milanese;False;;;;;
379;2024-09-29;Bar Centrale colazione;8.73;EUR;expense;Bar e caffè;Ristoranti;Bar Centrale;Bar Centrale;False;;;;;
380;2024-09-30;Interessi maturati conto deposito;28.87;EUR;income;Interessi;Interessi;Illimity;Illimity;False;;;;;
381;2024-09-30;Q8 carburante;57.45;EUR;expense;Carburante;Trasporto;Q8;Q8;False;;;;;
382;2024-10-01;Rata mutuo Intesa Sanpaolo;858.4;EUR;expense;Mutuo;Casa;Intesa Sanpaolo;Intesa Sanpaolo;True;monthly;;;;
383;2024-10-02;Esselunga spesa;40.79;EUR;expense;Alimentari;Alimentari;Esselunga;Esselunga;False;;;;;
384;2024-10-02;Giroconto verso conto deposito;300.0;EUR;transfer;Giroconto;Giroconto;Illimity;Illimity;False;;;;;
385;2024-10-03;Premio assicurazione casa UnipolSai;24.5;EUR;expense;Assicurazioni;Assicurazioni;UnipolSai;UnipolSai;True;monthly;;;;
386;2024-10-04;Netflix abbonamento;13.99;EUR;expense;Streaming;Abbonamenti;Netflix;Netflix;True;monthly;;;;
387;2024-10-05;Rata prestito auto Agos;276.6;EUR;expense;Prestiti;Prestiti;Agos;Agos;True;monthly;;;;
388;2024-10-06;Spotify Premium;10.99;EUR;expense;Streaming;Abbonamenti;Spotify;Spotify;True;monthly;;;;
389;2024-10-07;Amazon acquisto;70.67;EUR;expense;Shopping;Shopping;Amazon;Amazon;False;;;;;
390;2024-10-07;Rata finanziamento TV Findomestic;99.92;EUR;expense;Prestiti;Prestiti;Findomestic;Findomestic;True;monthly;;;;
391;2024-10-08;Enel Energia bolletta luce e gas;79.74;EUR;expense;Bollette;Bollette;Enel Energia;Enel Energia;True;monthly;;;;
392;2024-10-08;Esselunga spesa;87.21;EUR;expense;Alimentari;Alimentari;Esselunga;Esselunga;False;;;;;
393;2024-10-09;Disney Plus;8.99;EUR;expense;Streaming;Abbonamenti;Disney+;Disney+;True;monthly;;;;
394;2024-10-09;Trattoria Milanese;19.22;EUR;expense;Ristoranti;Ristoranti;Trattoria Milanese;Trattoria Milanese;False;;;;;
395;2024-10-10;Giroconto verso conto titoli;250.0;EUR;transfer;Giroconto;Giroconto;Directa;Directa;False;;;;;
396;2024-10-11;Eni carburante;59.15;EUR;expense;Carburante;Trasporto;Eni;Eni;False;;;;;
397;2024-10-11;Fattura consulenza Studio Bianchi;793.35;EUR;income;Freelance;Freelance;Studio Bianchi;Studio Bianchi, lavoro;False;;;;;
398;2024-10-12;Acquisto VWCE 2.3912 quote a 100.37 (PAC);240.0;EUR;transfer;Investimenti;Investimenti;Vanguard;Vanguard;False;;;;;
399;2024-10-12;Commissione ordine Directa;1.5;EUR;expense;Commissioni;Commissioni;Directa;Directa;False;;;;;
400;2024-10-12;TIM fibra casa;29.9;EUR;expense;Internet e telefono;Bollette;TIM;TIM;True;monthly;;;;
401;2024-10-14;Amazon Prime rinnovo annuale;49.9;EUR;expense;Abbonamenti;Abbonamenti;Amazon;Amazon;True;yearly;;;;
402;2024-10-15;Addebito estratto conto carta Visa;387.7;EUR;transfer;Giroconto;Giroconto;Visa;Visa;False;;;;;
403;2024-10-15;Lidl spesa;119.45;EUR;expense;Alimentari;Alimentari;Lidl;Lidl;False;;;;;
404;2024-10-16;Contributo fondo pensione Cometa;100.0;EUR;transfer;Investimenti;Investimenti;Cometa;Cometa;False;;;;;
405;2024-10-16;Ristorante Da Mario;34.95;EUR;expense;Ristoranti;Ristoranti;Ristorante Da Mario;Ristorante Da Mario;False;;;;;
406;2024-10-17;Bar Centrale colazione;7.35;EUR;expense;Bar e caffè;Ristoranti;Bar Centrale;Bar Centrale;False;;;;;
407;2024-10-18;Iliad ricarica mobile;9.99;EUR;expense;Internet e telefono;Bollette;Iliad;Iliad;True;monthly;;;;
408;2024-10-20;Palestra FitActive;34.9;EUR;expense;Palestra;Palestra;FitActive;FitActive;True;monthly;;;;
409;2024-10-24;Concerto Forum;20.34;EUR;expense;Svago;Svago;Concerto Forum;Concerto Forum;False;;;;;
410;2024-10-27;Conad spesa;53.44;EUR;expense;Alimentari;Alimentari;Conad;Conad;False;;;;;
411;2024-10-27;Stipendio ACME S.p.A.;2300.0;EUR;income;Stipendio;Stipendio;ACME S.p.A.;ACME S.p.A.;True;monthly;;;;
412;2024-10-28;Trattoria Milanese;52.97;EUR;expense;Ristoranti;Ristoranti;Trattoria Milanese;Trattoria Milanese;False;;;;;
413;2024-10-30;Eni carburante;57.84;EUR;expense;Carburante;Trasporto;Eni;Eni;False;;;;;
414;2024-11-01;Rata mutuo Intesa Sanpaolo;858.4;EUR;expense;Mutuo;Casa;Intesa Sanpaolo;Intesa Sanpaolo;True;monthly;;;;
415;2024-11-02;Esselunga spesa;45.49;EUR;expense;Alimentari;Alimentari;Esselunga;Esselunga;False;;;;;"Alimentari 31,84; Casa 13,65"
416;2024-11-02;Giroconto verso conto deposito;300.0;EUR;transfer;Giroconto;Giroconto;Illimity;Illimity;False;;;;;
417;2024-11-03;Premio assicurazione casa UnipolSai;24.5;EUR;expense;Assicurazioni;Assicurazioni;UnipolSai;UnipolSai;True;monthly;;;;
418;2024-11-03;Ristorante Da Mario;54.09;EUR;expense;Ristoranti;Ristoranti;Ristorante Da Mario;Ristorante Da Mario;False;;;;;
419;2024-11-04;Netflix abbonamento;13.99;EUR;expense;Streaming;Abbonamenti;Netflix;Netflix;True;monthly;;;;
420;2024-11-05;Eni carburante;59.39;EUR;expense;Carburante;Trasporto;Eni;Eni;False;;;;;
421;2024-11-05;Rata prestito auto Agos;276.6;EUR;expense;Prestiti;Prestiti;Agos;Agos;True;monthly;;;;
422;2024-11-06;Spotify Premium;10.99;EUR;expense;Streaming;Abbonamenti;Spotify;Spotify;True;monthly;;;;
423;2024-11-07;Rata finanziamento TV Findomestic;99.92;EUR;expense;Prestiti;Prestiti;Findomestic;Findomestic;True;monthly;;;;
424;2024-11-08;Enel Energia bolletta luce e gas;130.97;EUR;expense;Bollette;Bollette;Enel Energia;Enel Energia;True;monthly;;;;
425;2024-11-09;Disney Plus;8.99;EUR;expense;Streaming;Abbonamenti;Disney+;Disney+;True;monthly;;;;
426;2024-11-10;Giroconto verso conto titoli;250.0;EUR;transfer;Giroconto;Giroconto;Directa;Directa;False;;;;;
427;2024-11-12;Acquisto VWCE 2.3613 quote a 101.64 (PAC);240.0;EUR;transfer;Investimenti;Investimenti;Vanguard;Vanguard;False;;;;;
428;2024-11-12;Commissione ordine Directa;1.5;EUR;expense;Commissioni;Commissioni;Directa;Directa;False;;;;;
429;2024-11-12;TIM fibra casa;29.9;EUR;expense;Internet e telefono;Bollette;TIM;TIM;True;monthly;;;;
430;2024-11-13;Coop spesa;54.57;EUR;expense;Alimentari;Alimentari;Coop;Coop;False;;;;;
431;2024-11-14;Ristorante Da Mario;33.1;EUR;expense;Ristoranti;Ristoranti;Ristorante Da Mario;Ristorante Da Mario;False;;;;;
432;2024-11-15;Addebito estratto conto carta Visa;289.37;EUR;transfer;Giroconto;Giroconto;Visa;Visa;False;;;;;
433;2024-11-15;Bar Centrale colazione;5.54;EUR;expense;Bar e caffè;Ristoranti;Bar Centrale;Bar Centrale;False;;;;;
434;2024-11-15;Premio RC capofamiglia Reale Mutua;95.0;EUR;expense;Assicurazioni;Assicurazioni;Reale Mutua;Reale Mutua;True;yearly;;;;
435;2024-11-16;Contributo fondo pensione Cometa;100.0;EUR;transfer;Investimenti;Investimenti;Cometa;Cometa;False;;;;;
436;2024-11-16;TARI rata comune;146.65;EUR;expense;Tasse e imposte;Tasse e imposte;Comune di Milano;Comune di Milano;False;;;;;
437;2024-11-16;Teatro alla Scala;25.92;EUR;expense;Svago;Svago;Teatro alla Scala;Teatro alla Scala;False;;;;;
438;2024-11-17;Esselunga spesa;66.59;EUR;expense;Alimentari;Alimentari;Esselunga;Esselunga;False;;;;;
439;2024-11-18;Iliad ricarica mobile;9.99;EUR;expense;Internet e telefono;Bollette;Iliad;Iliad;True;monthly;;;;
440;2024-11-19;Bar Centrale colazione;7.58;EUR;expense;Bar e caffè;Ristoranti;Bar Centrale;Bar Centrale;False;;;;;
441;2024-11-20;Palestra FitActive;34.9;EUR;expense;Palestra;Palestra;FitActive;FitActive;True;monthly;;;;
442;2024-11-25;Conad spesa;54.66;EUR;expense;Alimentari;Alimentari;Conad;Conad;False;;;;;
443;2024-11-27;Bar Centrale colazione;3.27;EUR;expense;Bar e caffè;Ristoranti;Bar Centrale;Bar Centrale;False;;;;;
444;2024-11-27;Stipendio ACME S.p.A.;2300.0;EUR;income;Stipendio;Stipendio;ACME S.p.A.;ACME S.p.A.;True;monthly;;;;
445;2024-11-28;Cedola BTP Italia 2030;80.0;EUR;income;Dividendi e cedole;Dividendi e cedole;MEF;MEF;False;;;;;
446;2024-11-28;Eni carburante;63.23;EUR;expense;Carburante;Trasporto;Eni;Eni;False;;;;;
447;2024-12-01;Rata mutuo Intesa Sanpaolo;858.4;EUR;expense;Mutuo;Casa;Intesa Sanpaolo;Intesa Sanpaolo;True;monthly;;;;
448;2024-12-02;Giroconto verso conto deposito;300.0;EUR;transfer;Giroconto;Giroconto;Illimity;Illimity;False;;;;;
449;2024-12-03;Premio assicurazione casa UnipolSai;24.5;EUR;expense;Assicurazioni;Assicurazioni;UnipolSai;UnipolSai;True;monthly;;;;
450;2024-12-04;Netflix abbonamento;13.99;EUR;expense;Streaming;Abbonamenti;Netflix;Netflix;True;monthly;;;;
451;2024-12-05;Rata prestito auto Agos;276.6;EUR;expense;Prestiti;Prestiti;Agos;Agos;True;monthly;;;;
452;2024-12-06;Conad spesa;94.38;EUR;expense;Alimentari;Alimentari;Conad;Conad;False;;;;;
453;2024-12-06;Spotify Premium;10.99;EUR;expense;Streaming;Abbonamenti;Spotify;Spotify;True;monthly;;;;
454;2024-12-07;Rata finanziamento TV Findomestic;99.92;EUR;expense;Prestiti;Prestiti;Findomestic;Findomestic;True;monthly;;;;
455;2024-12-08;Bar Centrale colazione;8.52;EUR;expense;Bar e caffè;Ristoranti;Bar Centrale;Bar Centrale;False;;;;;
456;2024-12-08;Enel Energia bolletta luce e gas;183.53;EUR;expense;Bollette;Bollette;Enel Energia;Enel Energia;True;monthly;;;;
457;2024-12-09;Disney Plus;8.99;EUR;expense;Streaming;Abbonamenti;Disney+;Disney+;True;monthly;;;;
458;2024-12-10;Conad spesa;52.31;EUR;expense;Alimentari;Alimentari;Conad;Conad;False;;;;;
459;2024-12-10;Giroconto verso conto titoli;250.0;EUR;transfer;Giroconto;Giroconto;Directa;Directa;False;;;;;
460;2024-12-12;Acquisto VWCE 2.3182 quote a 103.53 (PAC);240.0;EUR;transfer;Investimenti;Investimenti;Vanguard;Vanguard;False;;;;;
461;2024-12-12;Commissione ordine Directa;1.5;EUR;expense;Commissioni;Commissioni;Directa;Directa;False;;;;;
462;2024-12-12;Regali di Natale;290.24;EUR;expense;Regali e donazioni;Regali e donazioni;Vari;Vari;False;;;;;
463;2024-12-12;TIM fibra casa;29.9;EUR;expense;Internet e telefono;Bollette;TIM;TIM;True;monthly;;;;
464;2024-12-13;Eni carburante;47.52;EUR;expense;Carburante;Trasporto;Eni;Eni;False;;;;;
465;2024-12-15;Addebito estratto conto carta Visa;163.47;EUR;transfer;Giroconto;Giroconto;Visa;Visa;False;;;;;
466;2024-12-16;Contributo fondo pensione Cometa;100.0;EUR;transfer;Investimenti;Investimenti;Cometa;Cometa;False;;;;;
467;2024-12-17;Esselunga spesa;80.27;EUR;expense;Alimentari;Alimentari;Esselunga;Esselunga;False;;;;;
468;2024-12-18;Iliad ricarica mobile;9.99;EUR;expense;Internet e telefono;Bollette;Iliad;Iliad;True;monthly;;;;
469;2024-12-18;Pizzeria Napoli;58.07;EUR;expense;Ristoranti;Ristoranti;Pizzeria Napoli;Pizzeria Napoli;False;;;;;
470;2024-12-19;Bar Centrale colazione;6.92;EUR;expense;Bar e caffè;Ristoranti;Bar Centrale;Bar Centrale;False;;;;;
471;2024-12-20;Palestra FitActive;34.9;EUR;expense;Palestra;Palestra;FitActive;FitActive;True;monthly;;;;
472;2024-12-20;Q8 carburante;64.66;EUR;expense;Carburante;Trasporto;Q8;Q8;False;;;;;
473;2024-12-23;Conad spesa;107.55;EUR;expense;Alimentari;Alimentari;Conad;Conad;False;;;;;
474;2024-12-24;Cinema UCI;42.37;EUR;expense;Svago;Svago;Cinema UCI;Cinema UCI;False;;;;;
475;2024-12-25;Bar Centrale colazione;7.64;EUR;expense;Bar e caffè;Ristoranti;Bar Centrale;Bar Centrale;False;;;;;
476;2024-12-26;Dividendo VWCE;10.03;EUR;income;Dividendi e cedole;Dividendi e cedole;Vanguard;Vanguard;False;;;;;
477;2024-12-27;Stipendio ACME S.p.A.;4600.0;EUR;income;Stipendio;Stipendio;ACME S.p.A.;ACME S.p.A.;True;monthly;;;;
478;2024-12-30;Interessi maturati conto deposito;44.01;EUR;income;Interessi;Interessi;Illimity;Illimity;False;;;;;
479;2025-01-01;Esselunga spesa;67.9;EUR;expense;Alimentari;Alimentari;Esselunga;Esselunga;False;;;;;"Alimentari 47,53; Casa 20,37"
480;2025-01-01;Rata mutuo Intesa Sanpaolo;858.4;EUR;expense;Mutuo;Casa;Intesa Sanpaolo;Intesa Sanpaolo;True;monthly;;;;
481;2025-01-02;Giroconto verso conto deposito;300.0;EUR;transfer;Giroconto;Giroconto;Illimity;Illimity;False;;;;;
482;2025-01-03;Bar Centrale colazione;2.26;EUR;expense;Bar e caffè;Ristoranti;Bar Centrale;Bar Centrale;False;;;;;
483;2025-01-03;Premio assicurazione casa UnipolSai;24.5;EUR;expense;Assicurazioni;Assicurazioni;UnipolSai;UnipolSai;True;monthly;;;;
484;2025-01-04;Netflix abbonamento;13.99;EUR;expense;Streaming;Abbonamenti;Netflix;Netflix;True;monthly;;;;
485;2025-01-04;Q8 carburante;51.83;EUR;expense;Carburante;Trasporto;Q8;Q8;False;;;;;
486;2025-01-05;Rata prestito auto Agos;276.6;EUR;expense;Prestiti;Prestiti;Agos;Agos;True;monthly;;;;
487;2025-01-06;Spotify Premium;10.99;EUR;expense;Streaming;Abbonamenti;Spotify;Spotify;True;monthly;;;;
488;2025-01-07;Rata finanziamento TV Findomestic;99.92;EUR;expense;Prestiti;Prestiti;Findomestic;Findomestic;True;monthly;;;;
489;2025-01-08;Conad spesa;86.91;EUR;expense;Alimentari;Alimentari;Conad;Conad;False;;;;;
490;2025-01-08;Enel Energia bolletta luce e gas;117.51;EUR;expense;Bollette;Bollette;Enel Energia;Enel Energia;True;monthly;;;;
491;2025-01-09;Disney Plus;8.99;EUR;expense;Streaming;Abbonamenti;Disney+;Disney+;True;monthly;;;;
492;2025-01-10;Bar Centrale colazione;5.63;EUR;expense;Bar e caffè;Ristoranti;Bar Centrale;Bar Centrale;False;;;;;
493;2025-01-10;Giroconto verso conto titoli;250.0;EUR;transfer;Giroconto;Giroconto;Directa;Directa;False;;;;;
494;2025-01-12;Acquisto VWCE 2.2671 quote a 105.86 (PAC);240.0;EUR;transfer;Investimenti;Investimenti;Vanguard;Vanguard;False;;;;;
495;2025-01-12;Commissione ordine Directa;1.5;EUR;expense;Commissioni;Commissioni;Directa;Directa;False;;;;;
496;2025-01-12;TIM fibra casa;29.9;EUR;expense;Internet e telefono;Bollette;TIM;TIM;True;monthly;;;;
497;2025-01-15;Addebito estratto conto carta Visa;447.73;EUR;transfer;Giroconto;Giroconto;Visa;Visa;False;;;;;
498;2025-01-16;Contributo fondo pensione Cometa;100.0;EUR;transfer;Investimenti;Investimenti;Cometa;Cometa;False;;;;;
499;2025-01-16;Coop spesa;114.7;EUR;expense;Alimentari;Alimentari;Coop;Coop;False;;;;;
500;2025-01-18;Bar Centrale colazione;6.19;EUR;expense;Bar e caffè;Ristoranti;Bar Centrale;Bar Centrale;False;;;;;
501;2025-01-18;Iliad ricarica mobile;9.99;EUR;expense;Internet e telefono;Bollette;Iliad;Iliad;True;monthly;;;;
502;2025-01-19;Farmacia Comunale;49.4;EUR;expense;Salute;Salute;Farmacia Comunale;Farmacia Comunale, detraibile;False;;;;;
503;2025-01-20;Acquisto Bitcoin su Young Platform;500.0;EUR;transfer;Investimenti;Investimenti;Young Platform;Young Platform;False;;;;;
504;2025-01-20;Palestra FitActive;34.9;EUR;expense;Palestra;Palestra;FitActive;FitActive;True;monthly;;;;
505;2025-01-22;Zalando acquisto;131.08;EUR;expense;Shopping;Shopping;Zalando;Zalando;False;;;;;
506;2025-01-24;Dividendo Enel;53.75;EUR;income;Dividendi e cedole;Dividendi e cedole;Enel;Enel;False;;;;;
507;2025-01-25;Premio polizza vita Generali;180.0;EUR;expense;Assicurazioni;Assicurazioni;Generali;Generali;False;;;;;
508;2025-01-27;Lidl spesa;87.4;EUR;expense;Alimentari;Alimentari;Lidl;Lidl;False;;;;;
509;2025-01-27;Stipendio ACME S.p.A.;2450.0;EUR;income;Stipendio;Stipendio;ACME S.p.A.;ACME S.p.A.;True;monthly;;;;
510;2025-01-28;Bollo auto ACI;286.0;EUR;expense;Tasse e imposte;Tasse e imposte;ACI;ACI;False;;;;;
511;2025-01-30;Q8 carburante;54.78;EUR;expense;Carburante;Trasporto;Q8;Q8;False;;;;;
512;2025-02-01;Rata mutuo Intesa Sanpaolo;858.4;EUR;expense;Mutuo;Casa;Intesa Sanpaolo;Intesa Sanpaolo;True;monthly;;;;
513;2025-02-02;Giroconto verso conto deposito;300.0;EUR;transfer;Giroconto;Giroconto;Illimity;Illimity;False;;;;;
514;2025-02-03;Lidl spesa;78.72;EUR;expense;Alimentari;Alimentari;Lidl;Lidl;False;;;;;
515;2025-02-03;Premio assicurazione casa UnipolSai;24.5;EUR;expense;Assicurazioni;Assicurazioni;UnipolSai;UnipolSai;True;monthly;;;;
516;2025-02-04;Netflix abbonamento;13.99;EUR;expense;Streaming;Abbonamenti;Netflix;Netflix;True;monthly;;;;
517;2025-02-05;Bar Centrale colazione;3.4;EUR;expense;Bar e caffè;Ristoranti;Bar Centrale;Bar Centrale;False;;;;;
518;2025-02-05;Rata prestito auto Agos;276.6;EUR;expense;Prestiti;Prestiti;Agos;Agos;True;monthly;;;;
519;2025-02-06;Spotify Premium;10.99;EUR;expense;Streaming;Abbonamenti;Spotify;Spotify;True;monthly;;;;
520;2025-02-07;Rata finanziamento TV Findomestic;99.92;EUR;expense;Prestiti;Prestiti;Findomestic;Findomestic;True;monthly;2025-02-07;;;
521;2025-02-08;Enel Energia bolletta luce e gas;122.98;EUR;expense;Bollette;Bollette;Enel Energia;Enel Energia;True;monthly;;;;
522;2025-02-08;Esselunga spesa;116.55;EUR;expense;Alimentari;Alimentari;Esselunga;Esselunga;False;;;;;
523;2025-02-09;Disney Plus;8.99;EUR;expense;Streaming;Abbonamenti;Disney+;Disney+;True;monthly;;;;
524;2025-02-09;Pizzeria Napoli;53.21;EUR;expense;Ristoranti;Ristoranti;Pizzeria Napoli;Pizzeria Napoli;False;;;;;
525;2025-02-10;Bar Centrale colazione;6.83;EUR;expense;Bar e caffè;Ristoranti;Bar Centrale;Bar Centrale;False;;;;;
526;2025-02-10;Genialloyd polizza auto;525.87;EUR;expense;Assicurazioni;Assicurazioni;Genialloyd;Genialloyd;True;yearly;;;;
527;2025-02-10;Giroconto verso conto titoli;250.0;EUR;transfer;Giroconto;Giroconto;Directa;Directa;False;;;;;
528;2025-02-12;Acquisto VWCE 2.2136 quote a 108.42 (PAC);240.0;EUR;transfer;Investimenti;Investimenti;Vanguard;Vanguard;False;;;;;
529;2025-02-12;Commissione ordine Directa;1.5;EUR;expense;Commissioni;Commissioni;Directa;Directa;False;;;;;
530;2025-02-12;TIM fibra casa;29.9;EUR;expense;Internet e telefono;Bollette;TIM;TIM;True;monthly;;;;
531;2025-02-15;Addebito estratto conto carta Visa;179.13;EUR;transfer;Giroconto;Giroconto;Visa;Visa;False;;;;;
532;2025-02-16;Contributo fondo pensione Cometa;100.0;EUR;transfer;Investimenti;Investimenti;Cometa;Cometa;False;;;;;
533;2025-02-16;Esselunga spesa;50.37;EUR;expense;Alimentari;Alimentari;Esselunga;Esselunga;False;;;;;
534;2025-02-17;Farmacia Comunale;44.5;EUR;expense;Salute;Salute;Farmacia Comunale;Farmacia Comunale, detraibile;False;;;;;
535;2025-02-17;Ristorante Da Mario;48.67;EUR;expense;Ristoranti;Ristoranti;Ristorante Da Mario;Ristorante Da Mario;False;;;;;
536;2025-02-18;Iliad ricarica mobile;9.99;EUR;expense;Internet e telefono;Bollette;Iliad;Iliad;True;monthly;;;;
537;2025-02-19;Decathlon acquisto;71.92;EUR;expense;Shopping;Shopping;Decathlon;Decathlon;False;;;;;
538;2025-02-19;IP carburante;72.14;EUR;expense;Carburante;Trasporto;IP;IP;False;;;;;
539;2025-02-20;Palestra FitActive;34.9;EUR;expense;Palestra;Palestra;FitActive;FitActive;True;monthly;;;;
540;2025-02-27;Coop spesa;62.54;EUR;expense;Alimentari;Alimentari;Coop;Coop;False;;;;;
541;2025-02-27;Stipendio ACME S.p.A.;2450.0;EUR;income;Stipendio;Stipendio;ACME S.p.A.;ACME S.p.A.;True;monthly;;;;
542;2025-03-01;Rata mutuo Intesa Sanpaolo;858.4;EUR;expense;Mutuo;Casa;Intesa Sanpaolo;Intesa Sanpaolo;True;monthly;;;;
543;2025-03-02;Giroconto verso conto deposito;300.0;EUR;transfer;Giroconto;Giroconto;Illimity;Illimity;False;;;;;
544;2025-03-02;Q8 carburante;61.17;EUR;expense;Carburante;Trasporto;Q8;Q8;False;;;;;
545;2025-03-03;Premio assicurazione casa UnipolSai;24.5;EUR;expense;Assicurazioni;Assicurazioni;UnipolSai;UnipolSai;True;monthly;;;;
546;2025-03-04;Netflix abbonamento;13.99;EUR;expense;Streaming;Abbonamenti;Netflix;Netflix;True;monthly;;;;
547;2025-03-05;Lidl spesa;47.2;EUR;expense;Alimentari;Alimentari;Lidl;Lidl;False;;;;;
548;2025-03-05;Rata prestito auto Agos;276.6;EUR;expense;Prestiti;Prestiti;Agos;Agos;True;monthly;;;;
549;2025-03-06;Ristorante Da Mario;57.66;EUR;expense;Ristoranti;Ristoranti;Ristorante Da Mario;Ristorante Da Mario;False;;;;;
550;2025-03-06;Spotify Premium;10.99;EUR;expense;Streaming;Abbonamenti;Spotify;Spotify;True;monthly;;;;
551;2025-03-07;Bar Centrale colazione;5.19;EUR;expense;Bar e caffè;Ristoranti;Bar Centrale;Bar Centrale;False;;;;;
552;2025-03-08;Enel Energia bolletta luce e gas;163.21;EUR;expense;Bollette;Bollette;Enel Energia;Enel Energia;True;monthly;;;;
553;2025-03-08;Eni carburante;56.43;EUR;expense;Carburante;Trasporto;Eni;Eni;False;;;;;
554;2025-03-09;Disney Plus;8.99;EUR;expense;Streaming;Abbonamenti;Disney+;Disney+;True;monthly;;;;
555;2025-03-10;Giroconto verso conto titoli;250.0;EUR;transfer;Giroconto;Giroconto;Directa;Directa;False;;;;;
556;2025-03-12;Acquisto VWCE 2.1635 quote a 110.93 (PAC);240.0;EUR;transfer;Investimenti;Investimenti;Vanguard;Vanguard;False;;;;;
557;2025-03-12;Commissione ordine Directa;1.5;EUR;expense;Commissioni;Commissioni;Directa;Directa;False;;;;;
558;2025-03-12;Coop spesa;39.29;EUR;expense;Alimentari;Alimentari;Coop;Coop;False;;;;;
559;2025-03-12;TIM fibra casa;29.9;EUR;expense;Internet e telefono;Bollette;TIM;TIM;True;monthly;;;;
560;2025-03-13;Sushi Ko;48.62;EUR;expense;Ristoranti;Ristoranti;Sushi Ko;Sushi Ko;False;;;;;
561;2025-03-15;Addebito estratto conto carta Visa;218.0;EUR;transfer;Giroconto;Giroconto;Visa;Visa;False;;;;;
562;2025-03-16;Conad spesa;90.23;EUR;expense;Alimentari;Alimentari;Conad;Conad;False;;;;;
563;2025-03-16;Contributo fondo pensione Cometa;100.0;EUR;transfer;Investimenti;Investimenti;Cometa;Cometa;False;;;;;
564;2025-03-16;IKEA acquisto;177.84;EUR;expense;Shopping;Shopping;IKEA;IKEA;False;;;;;
565;2025-03-18;Bar Centrale colazione;2.24;EUR;expense;Bar e caffè;Ristoranti;Bar Centrale;Bar Centrale;False;;;;;
566;2025-03-18;Iliad ricarica mobile;9.99;EUR;expense;Internet e telefono;Bollette;Iliad;Iliad;True;monthly;;;;
567;2025-03-19;Eni carburante;47.58;EUR;expense;Carburante;Trasporto;Eni;Eni;False;;;;;
568;2025-03-20;Ottico Salmoiraghi;42.74;EUR;expense;Salute;Salute;Ottico Salmoiraghi;Ottico Salmoiraghi, detraibile;False;;;;;
569;2025-03-20;Palestra FitActive;34.9;EUR;expense;Palestra;Palestra;FitActive;FitActive;True;monthly;;;;
570;2025-03-22;Libreria Feltrinelli;28.96;EUR;expense;Svago;Svago;Libreria Feltrinelli;Libreria Feltrinelli;False;;;;;
571;2025-03-26;Dividendo VWCE;11.9;EUR;income;Dividendi e cedole;Dividendi e cedole;Vanguard;Vanguard;False;;;;;
572;2025-03-27;Esselunga spesa;63.43;EUR;expense;Alimentari;Alimentari;Esselunga;Esselunga;False;;;;;
573;2025-03-27;Premio di produzione ACME;1023.93;EUR;income;Bonus e premi;Bonus e premi;ACME S.p.A.;ACME S.p.A.;False;;;;;
574;2025-03-27;Stipendio ACME S.p.A.;2450.0;EUR;income;Stipendio;Stipendio;ACME S.p.A.;ACME S.p.A.;True;monthly;;;;
575;2025-03-28;Trattoria Milanese;76.05;EUR;expense;Ristoranti;Ristoranti;Trattoria Milanese;Trattoria Milanese;False;;;;;
576;2025-03-30;Interessi maturati conto deposito;33.77;EUR;income;Interessi;Interessi;Illimity;Illimity;False;;;;;
577;2025-04-01;Rata mutuo Intesa Sanpaolo;858.4;EUR;expense;Mutuo;Casa;Intesa Sanpaolo;Intesa Sanpaolo;True;monthly;;;;
578;2025-04-02;Giroconto verso conto deposito;300.0;EUR;transfer;Giroconto;Giroconto;Illimity;Illimity;False;;;;;
579;2025-04-03;Conad spesa;86.19;EUR;expense;Alimentari;Alimentari;Conad;Conad;False;;;;;
580;2025-04-03;Premio assicurazione casa UnipolSai;24.5;EUR;expense;Assicurazioni;Assicurazioni;UnipolSai;UnipolSai;True;monthly;;;;
581;2025-04-04;Netflix abbonamento;13.99;EUR;expense;Streaming;Abbonamenti;Netflix;Netflix;True;monthly;;;;
582;2025-04-04;Trattoria Milanese;56.15;EUR;expense;Ristoranti;Ristoranti;Trattoria Milanese;Trattoria Milanese;False;;;;;
583;2025-04-05;Rata prestito auto Agos;276.6;EUR;expense;Prestiti;Prestiti;Agos;Agos;True;monthly;;;;
584;2025-04-06;Eni carburante;64.03;EUR;expense;Carburante;Trasporto;Eni;Eni;False;;;;;
585;2025-04-06;Spotify Premium;10.99;EUR;expense;Streaming;Abbonamenti;Spotify;Spotify;True;monthly;;;;
586;2025-04-08;Enel Energia bolletta luce e gas;68.19;EUR;expense;Bollette;Bollette;Enel Energia;Enel Energia;True;monthly;;;;
587;2025-04-09;Coop spesa;98.54;EUR;expense;Alimentari;Alimentari;Coop;Coop;False;;;;;
588;2025-04-09;Disney Plus;8.99;EUR;expense;Streaming;Abbonamenti;Disney+;Disney+;True;monthly;2025-04-09;;;
589;2025-04-10;Giroconto verso conto titoli;250.0;EUR;transfer;Giroconto;Giroconto;Directa;Directa;False;;;;;
590;2025-04-10;Ristorante Da Mario;36.22;EUR;expense;Ristoranti;Ristoranti;Ristorante Da Mario;Ristorante Da Mario;False;;;;;
591;2025-04-11;Bar Centrale colazione;8.29;EUR;expense;Bar e caffè;Ristoranti;Bar Centrale;Bar Centrale;False;;;;;
592;2025-04-12;Acquisto VWCE 2.1215 quote a 113.13 (PAC);240.01;EUR;transfer;Investimenti;Investimenti;Vanguard;Vanguard;False;;;;;
593;2025-04-12;Commissione ordine Directa;1.5;EUR;expense;Commissioni;Commissioni;Directa;Directa;False;;;;;
594;2025-04-12;TIM fibra casa;29.9;EUR;expense;Internet e telefono;Bollette;TIM;TIM;True;monthly;;;;
595;2025-04-15;Addebito estratto conto carta Visa;430.53;EUR;transfer;Giroconto;Giroconto;Visa;Visa;False;;;;;
596;2025-04-15;Lidl spesa;53.47;EUR;expense;Alimentari;Alimentari;Lidl;Lidl;False;;;;;
597;2025-04-16;Contributo fondo pensione Cometa;100.0;EUR;transfer;Investimenti;Investimenti;Cometa;Cometa;False;;;;;
598;2025-04-16;Pizzeria Napoli;43.03;EUR;expense;Ristoranti;Ristoranti;Pizzeria Napoli;Pizzeria Napoli;False;;;;;
599;2025-04-18;Iliad ricarica mobile;9.99;EUR;expense;Internet e telefono;Bollette;Iliad;Iliad;True;monthly;;;;
600;2025-04-18;Q8 carburante;55.37;EUR;expense;Carburante;Trasporto;Q8;Q8;False;;;;;
601;2025-04-20;Palestra FitActive;34.9;EUR;expense;Palestra;Palestra;FitActive;FitActive;True;monthly;;;;
602;2025-04-22;Coop spesa;110.94;EUR;expense;Alimentari;Alimentari;Coop;Coop;False;;;;;
603;2025-04-22;Hotel New York Manhattan;619.84;USD;expense;Viaggi;Viaggi;Hilton;Hilton, viaggio;False;;;;;
604;2025-04-22;IKEA acquisto;68.68;EUR;expense;Shopping;Shopping;IKEA;IKEA;False;;;;;
605;2025-04-23;Pizzeria Napoli;65.67;EUR;expense;Ristoranti;Ristoranti;Pizzeria Napoli;Pizzeria Napoli;False;;;;;
606;2025-04-24;Bar Centrale colazione;4.46;EUR;expense;Bar e caffè;Ristoranti;Bar Centrale;Bar Centrale;False;;;;;
607;2025-04-24;Libreria Feltrinelli;37.19;EUR;expense;Svago;Svago;Libreria Feltrinelli;Libreria Feltrinelli;False;;;;;
608;2025-04-27;Stipendio ACME S.p.A.;2450.0;EUR;income;Stipendio;Stipendio;ACME S.p.A.;ACME S.p.A.;True;monthly;;;;
609;2025-05-01;Rata mutuo Intesa Sanpaolo;858.4;EUR;expense;Mutuo;Casa;Intesa Sanpaolo;Intesa Sanpaolo;True;monthly;;;;
610;2025-05-02;Giroconto verso conto deposito;300.0;EUR;transfer;Giroconto;Giroconto;Illimity;Illimity;False;;;;;
611;2025-05-03;Premio assicurazione casa UnipolSai;24.5;EUR;expense;Assicurazioni;Assicurazioni;UnipolSai;UnipolSai;True;monthly;;;;
612;2025-05-04;Netflix abbonamento;13.99;EUR;expense;Streaming;Abbonamenti;Netflix;Netflix;True;monthly;;;;
613;2025-05-05;Esselunga spesa;77.3;EUR;expense;Alimentari;Alimentari;Esselunga;Esselunga;False;;;;;
614;2025-05-05;Rata prestito auto Agos;276.6;EUR;expense;Prestiti;Prestiti;Agos;Agos;True;monthly;;;;
615;2025-05-06;Spotify Premium;10.99;EUR;expense;Streaming;Abbonamenti;Spotify;Spotify;True;monthly;;;;
616;2025-05-07;Bar Centrale colazione;4.15;EUR;expense;Bar e caffè;Ristoranti;Bar Centrale;Bar Centrale;False;;;;;
617;2025-05-08;Enel Energia bolletta luce e gas;47.56;EUR;expense;Bollette;Bollette;Enel Energia;Enel Energia;True;monthly;;;;
618;2025-05-08;Q8 carburante;54.63;EUR;expense;Carburante;Trasporto;Q8;Q8;False;;;;;
619;2025-05-10;Giroconto verso conto titoli;250.0;EUR;transfer;Giroconto;Giroconto;Directa;Directa;False;;;;;
620;2025-05-11;Coop spesa;45.97;EUR;expense;Alimentari;Alimentari;Coop;Coop;False;;;;;
621;2025-05-12;Acquisto VWCE 2.0904 quote a 114.81 (PAC);240.0;EUR;transfer;Investimenti;Investimenti;Vanguard;Vanguard;False;;;;;
622;2025-05-12;Commissione ordine Directa;1.5;EUR;expense;Commissioni;Commissioni;Directa;Directa;False;;;;;
623;2025-05-12;Libreria Feltrinelli;60.33;EUR;expense;Svago;Svago;Libreria Feltrinelli;Libreria Feltrinelli;False;;;;;
624;2025-05-12;Ristorante Da Mario;34.0;EUR;expense;Ristoranti;Ristoranti;Ristorante Da Mario;Ristorante Da Mario;False;;;;;
625;2025-05-12;TIM fibra casa;29.9;EUR;expense;Internet e telefono;Bollette;TIM;TIM;True;monthly;;;;
626;2025-05-13;Bar Centrale colazione;6.11;EUR;expense;Bar e caffè;Ristoranti;Bar Centrale;Bar Centrale;False;;;;;
627;2025-05-14;IP carburante;63.86;EUR;expense;Carburante;Trasporto;IP;IP;False;;;;;
628;2025-05-15;Addebito estratto conto carta Visa;923.91;EUR;transfer;Giroconto;Giroconto;Visa;Visa;False;;;;;
629;2025-05-16;Contributo fondo pensione Cometa;100.0;EUR;transfer;Investimenti;Investimenti;Cometa;Cometa;False;;;;;
630;2025-05-16;TARI rata comune;148.05;EUR;expense;Tasse e imposte;Tasse e imposte;Comune di Milano;Comune di Milano;False;;;;;
631;2025-05-16;Zalando acquisto;133.93;EUR;expense;Shopping;Shopping;Zalando;Zalando;False;;;;;
632;2025-05-18;Esselunga spesa;84.74;EUR;expense;Alimentari;Alimentari;Esselunga;Esselunga;False;;;;;
633;2025-05-18;Iliad ricarica mobile;9.99;EUR;expense;Internet e telefono;Bollette;Iliad;Iliad;True;monthly;;;;
634;2025-05-20;Palestra FitActive;34.9;EUR;expense;Palestra;Palestra;FitActive;FitActive;True;monthly;;;;
635;2025-05-21;Eni carburante;52.7;EUR;expense;Carburante;Trasporto;Eni;Eni;False;;;;;
636;2025-05-27;Esselunga spesa;45.93;EUR;expense;Alimentari;Alimentari;Esselunga;Esselunga;False;;;;;
637;2025-05-27;Stipendio ACME S.p.A.;2450.0;EUR;income;Stipendio;Stipendio;ACME S.p.A.;ACME S.p.A.;True;monthly;;;;
638;2025-05-28;Cedola BTP Italia 2030;80.0;EUR;income;Dividendi e cedole;Dividendi e cedole;MEF;MEF;False;;;;;
639;2025-05-28;Pizzeria Napoli;77.86;EUR;expense;Ristoranti;Ristoranti;Pizzeria Napoli;Pizzeria Napoli;False;;;;;
640;2025-05-29;Bar Centrale colazione;6.42;EUR;expense;Bar e caffè;Ristoranti;Bar Centrale;Bar Centrale;False;;;;;
641;2025-05-30;Q8 carburante;50.6;EUR;expense;Carburante;Trasporto;Q8;Q8;False;;;;;
642;2025-06-01;Rata mutuo Intesa Sanpaolo;858.4;EUR;expense;Mutuo;Casa;Intesa Sanpaolo;Intesa Sanpaolo;True;monthly;;;;
643;2025-06-02;Giroconto verso conto deposito;300.0;EUR;transfer;Giroconto;Giroconto;Illimity;Illimity;False;;;;;
644;2025-06-03;Premio assicurazione casa UnipolSai;24.5;EUR;expense;Assicurazioni;Assicurazioni;UnipolSai;UnipolSai;True;monthly;;;;
645;2025-06-04;Esselunga spesa;52.33;EUR;expense;Alimentari;Alimentari;Esselunga;Esselunga;False;;;;;
646;2025-06-04;Netflix abbonamento;13.99;EUR;expense;Streaming;Abbonamenti;Netflix;Netflix;True;monthly;;;;
647;2025-06-05;Rata prestito auto Agos;276.6;EUR;expense;Prestiti;Prestiti;Agos;Agos;True;monthly;;;;
648;2025-06-06;Bar Centrale colazione;8.68;EUR;expense;Bar e caffè;Ristoranti;Bar Centrale;Bar Centrale;False;;;;;
649;2025-06-06;Spotify Premium;10.99;EUR;expense;Streaming;Abbonamenti;Spotify;Spotify;True;monthly;;;;
650;2025-06-08;Enel Energia bolletta luce e gas;78.18;EUR;expense;Bollette;Bollette;Enel Energia;Enel Energia;True;monthly;;;;
651;2025-06-08;Fattura consulenza Studio Bianchi;989.12;EUR;income;Freelance;Freelance;Studio Bianchi;Studio Bianchi, lavoro;False;;;;;
652;2025-06-10;Giroconto verso conto titoli;250.0;EUR;transfer;Giroconto;Giroconto;Directa;Directa;False;;;;;
653;2025-06-11;Coop spesa;109.99;EUR;expense;Alimentari;Alimentari;Coop;Coop;False;;;;;
654;2025-06-12;Acquisto VWCE 2.0722 quote a 115.82 (PAC);240.0;EUR;transfer;Investimenti;Investimenti;Vanguard;Vanguard;False;;;;;
655;2025-06-12;Commissione ordine Directa;1.5;EUR;expense;Commissioni;Commissioni;Directa;Directa;False;;;;;
656;2025-06-12;Ristorante Da Mario;49.77;EUR;expense;Ristoranti;Ristoranti;Ristorante Da Mario;Ristorante Da Mario;False;;;;;
657;2025-06-12;TIM fibra casa;32.9;EUR;expense;Internet e telefono;Bollette;TIM;TIM;True;monthly;;;;
658;2025-06-13;Bar Centrale colazione;2.3;EUR;expense;Bar e caffè;Ristoranti;Bar Centrale;Bar Centrale;False;;;;;
659;2025-06-15;Addebito estratto conto carta Visa;347.78;EUR;transfer;Giroconto;Giroconto;Visa;Visa;False;;;;;
660;2025-06-16;Contributo fondo pensione Cometa;100.0;EUR;transfer;Investimenti;Investimenti;Cometa;Cometa;False;;;;;
661;2025-06-16;Vendita 125 azioni Enel a 7,10;887.5;EUR;transfer;Investimenti;Investimenti;Borsa Italiana;Borsa Italiana, plusvalenza;False;;;;;
662;2025-06-16;Zalando acquisto;161.26;EUR;expense;Shopping;Shopping;Zalando;Zalando;False;;;;;
663;2025-06-18;Iliad ricarica mobile;9.99;EUR;expense;Internet e telefono;Bollette;Iliad;Iliad;True;monthly;;;;
664;2025-06-20;Esselunga spesa;96.4;EUR;expense;Alimentari;Alimentari;Esselunga;Esselunga;False;;;;;
665;2025-06-20;Palestra FitActive;34.9;EUR;expense;Palestra;Palestra;FitActive;FitActive;True;monthly;;;;
666;2025-06-22;Bar Centrale colazione;3.2;EUR;expense;Bar e caffè;Ristoranti;Bar Centrale;Bar Centrale;False;;;;;
667;2025-06-23;IP carburante;40.09;EUR;expense;Carburante;Trasporto;IP;IP;False;;;;;
668;2025-06-24;Esselunga spesa;66.39;EUR;expense;Alimentari;Alimentari;Esselunga;Esselunga;False;;;;;
669;2025-06-25;Trattoria Milanese;40.26;EUR;expense;Ristoranti;Ristoranti;Trattoria Milanese;Trattoria Milanese;False;;;;;
670;2025-06-26;Bar Centrale colazione;6.99;EUR;expense;Bar e caffè;Ristoranti;Bar Centrale;Bar Centrale;False;;;;;
671;2025-06-26;Dividendo VWCE;13.65;EUR;income;Dividendi e cedole;Dividendi e cedole;Vanguard;Vanguard;False;;;;;
672;2025-06-27;Stipendio ACME S.p.A.;2450.0;EUR;income;Stipendio;Stipendio;ACME S.p.A.;ACME S.p.A.;True;monthly;;;;
673;2025-06-30;Interessi maturati conto deposito;35.88;EUR;income;Interessi;Interessi;Illimity;Illimity;False;;;;;
674;2025-07-01;Lidl spesa;72.38;EUR;expense;Alimentari;Alimentari;Lidl;Lidl;False;;;;;
675;2025-07-01;Rata mutuo Intesa Sanpaolo;858.4;EUR;expense;Mutuo;Casa;Intesa Sanpaolo;Intesa Sanpaolo;True;monthly;;;;
676;2025-07-02;Giroconto verso conto deposito;300.0;EUR;transfer;Giroconto;Giroconto;Illimity;Illimity;False;;;;;
677;2025-07-02;Sushi Ko;71.39;EUR;expense;Ristoranti;Ristoranti;Sushi Ko;Sushi Ko;False;;;;;
678;2025-07-03;Bar Centrale colazione;2.34;EUR;expense;Bar e caffè;Ristoranti;Bar Centrale;Bar Centrale;False;;;;;
679;2025-07-03;Premio assicurazione casa UnipolSai;24.5;EUR;expense;Assicurazioni;Assicurazioni;UnipolSai;UnipolSai;True;monthly;;;;
680;2025-07-04;IP carburante;61.88;EUR;expense;Carburante;Trasporto;IP;IP;False;;;;;
681;2025-07-04;Netflix abbonamento;13.99;EUR;expense;Streaming;Abbonamenti;Netflix;Netflix;True;monthly;;;;
682;2025-07-05;Rata prestito auto Agos;276.6;EUR;expense;Prestiti;Prestiti;Agos;Agos;True;monthly;;;;
683;2025-07-06;Spotify Premium;10.99;EUR;expense;Streaming;Abbonamenti;Spotify;Spotify;True;monthly;;;;
684;2025-07-08;Enel Energia bolletta luce e gas;62.91;EUR;expense;Bollette;Bollette;Enel Energia;Enel Energia;True;monthly;;;;
685;2025-07-10;Giroconto verso conto titoli;250.0;EUR;transfer;Giroconto;Giroconto;Directa;Directa;False;;;;;
686;2025-07-10;Lidl spesa;111.08;EUR;expense;Alimentari;Alimentari;Lidl;Lidl;False;;;;;
687;2025-07-10;Zalando acquisto;110.26;EUR;expense;Shopping;Shopping;Zalando;Zalando;False;;;;;
688;2025-07-12;Acquisto VWCE 2.0665 quote a 116.14 (PAC);240.0;EUR;transfer;Investimenti;Investimenti;Vanguard;Vanguard;False;;;;;
689;2025-07-12;Bar Centrale colazione;8.84;EUR;expense;Bar e caffè;Ristoranti;Bar Centrale;Bar Centrale;False;;;;;
690;2025-07-12;Commissione ordine Directa;1.5;EUR;expense;Commissioni;Commissioni;Directa;Directa;False;;;;;
691;2025-07-12;TIM fibra casa;32.9;EUR;expense;Internet e telefono;Bollette;TIM;TIM;True;monthly;;;;
692;2025-07-13;Q8 carburante;62.6;EUR;expense;Carburante;Trasporto;Q8;Q8;False;;;;;
693;2025-07-13;Teatro alla Scala;37.43;EUR;expense;Svago;Svago;Teatro alla Scala;Teatro alla Scala;False;;;;;
694;2025-07-15;Addebito estratto conto carta Visa;297.44;EUR;transfer;Giroconto;Giroconto;Visa;Visa;False;;;;;
695;2025-07-15;Esselunga spesa;55.27;EUR;expense;Alimentari;Alimentari;Esselunga;Esselunga;False;;;;;
696;2025-07-16;Contributo fondo pensione Cometa;100.0;EUR;transfer;Investimenti;Investimenti;Cometa;Cometa;False;;;;;
697;2025-07-16;Trattoria Milanese;79.32;EUR;expense;Ristoranti;Ristoranti;Trattoria Milanese;Trattoria Milanese;False;;;;;
698;2025-07-17;Bar Centrale colazione;7.12;EUR;expense;Bar e caffè;Ristoranti;Bar Centrale;Bar Centrale;False;;;;;
699;2025-07-18;Iliad ricarica mobile;9.99;EUR;expense;Internet e telefono;Bollette;Iliad;Iliad;True;monthly;;;;
700;2025-07-20;Giroconto da conto deposito per vacanze;1200.0;EUR;transfer;Giroconto;Giroconto;Illimity;Illimity;False;;;;;
701;2025-07-20;Palestra FitActive;34.9;EUR;expense;Palestra;Palestra;FitActive;FitActive;True;monthly;;;;
702;2025-07-24;Dividendo Enel;26.88;EUR;income;Dividendi e cedole;Dividendi e cedole;Enel;Enel;False;;;;;
703;2025-07-25;Premio polizza vita Generali;180.0;EUR;expense;Assicurazioni;Assicurazioni;Generali;Generali;False;;;;;
704;2025-07-26;Conad spesa;43.16;EUR;expense;Alimentari;Alimentari;Conad;Conad;False;;;;;
705;2025-07-27;Stipendio ACME S.p.A.;2450.0;EUR;income;Stipendio;Stipendio;ACME S.p.A.;ACME S.p.A.;True;monthly;;;;
706;2025-07-28;Bar Centrale colazione;5.64;EUR;expense;Bar e caffè;Ristoranti;Bar Centrale;Bar Centrale;False;;;;;
707;2025-07-29;Q8 carburante;47.86;EUR;expense;Carburante;Trasporto;Q8;Q8;False;;;;;
708;2025-08-01;Conad spesa;104.63;EUR;expense;Alimentari;Alimentari;Conad;Conad;False;;;;;
709;2025-08-01;Rata mutuo Intesa Sanpaolo;858.4;EUR;expense;Mutuo;Casa;Intesa Sanpaolo;Intesa Sanpaolo;True;monthly;;;;
710;2025-08-02;Giroconto verso conto deposito;300.0;EUR;transfer;Giroconto;Giroconto;Illimity;Illimity;False;;;;;
711;2025-08-02;Sushi Ko;45.47;EUR;expense;Ristoranti;Ristoranti;Sushi Ko;Sushi Ko;False;;;;;
712;2025-08-03;Bar Centrale colazione;6.75;EUR;expense;Bar e caffè;Ristoranti;Bar Centrale;Bar Centrale;False;;;;;
713;2025-08-03;Premio assicurazione casa UnipolSai;24.5;EUR;expense;Assicurazioni;Assicurazioni;UnipolSai;UnipolSai;True;monthly;;;;
714;2025-08-03;Volo e hotel vacanze Puglia;948.5;EUR;expense;Viaggi;Viaggi;Booking.com;Booking.com;False;;;;;
715;2025-08-04;Netflix abbonamento;13.99;EUR;expense;Streaming;Abbonamenti;Netflix;Netflix;True;monthly;;;;
716;2025-08-05;Rata prestito auto Agos;276.6;EUR;expense;Prestiti;Prestiti;Agos;Agos;True;monthly;;;;
717;2025-08-06;Spotify Premium;10.99;EUR;expense;Streaming;Abbonamenti;Spotify;Spotify;True;monthly;;;;
718;2025-08-08;Enel Energia bolletta luce e gas;64.68;EUR;expense;Bollette;Bollette;Enel Energia;Enel Energia;True;monthly;;;;
719;2025-08-10;Decathlon acquisto;158.28;EUR;expense;Shopping;Shopping;Decathlon;Decathlon;False;;;;;
720;2025-08-10;Giroconto verso conto titoli;250.0;EUR;transfer;Giroconto;Giroconto;Directa;Directa;False;;;;;
721;2025-08-12;Acquisto VWCE 2.0716 quote a 115.85 (PAC);239.99;EUR;transfer;Investimenti;Investimenti;Vanguard;Vanguard;False;;;;;
722;2025-08-12;Commissione ordine Directa;1.5;EUR;expense;Commissioni;Commissioni;Directa;Directa;False;;;;;
723;2025-08-12;Conad spesa;38.17;EUR;expense;Alimentari;Alimentari;Conad;Conad;False;;;;;
724;2025-08-12;TIM fibra casa;32.9;EUR;expense;Internet e telefono;Bollette;TIM;TIM;True;monthly;;;;
725;2025-08-15;Addebito estratto conto carta Visa;347.32;EUR;transfer;Giroconto;Giroconto;Visa;Visa;False;;;;;
726;2025-08-15;Eni carburante;47.68;EUR;expense;Carburante;Trasporto;Eni;Eni;False;;;;;
727;2025-08-16;Contributo fondo pensione Cometa;100.0;EUR;transfer;Investimenti;Investimenti;Cometa;Cometa;False;;;;;
728;2025-08-16;Teatro alla Scala;60.11;EUR;expense;Svago;Svago;Teatro alla Scala;Teatro alla Scala;False;;;;;
729;2025-08-18;Iliad ricarica mobile;9.99;EUR;expense;Internet e telefono;Bollette;Iliad;Iliad;True;monthly;;;;
730;2025-08-19;Vendita VWCE 10 quote a 115.85;1158.5;EUR;transfer;Investimenti;Investimenti;Vanguard;Vanguard;False;;;;;
731;2025-08-20;Conad spesa;106.08;EUR;expense;Alimentari;Alimentari;Conad;Conad;False;;;;;
732;2025-08-20;Palestra FitActive;34.9;EUR;expense;Palestra;Palestra;FitActive;FitActive;True;monthly;;;;
733;2025-08-23;Esselunga spesa;79.38;EUR;expense;Alimentari;Alimentari;Esselunga;Esselunga;False;;;;;
734;2025-08-23;Q8 carburante;68.76;EUR;expense;Carburante;Trasporto;Q8;Q8;False;;;;;
735;2025-08-26;IP carburante;64.11;EUR;expense;Carburante;Trasporto;IP;IP;False;;;;;
736;2025-08-27;Stipendio ACME S.p.A.;2450.0;EUR;income;Stipendio;Stipendio;ACME S.p.A.;ACME S.p.A.;True;monthly;;;;
737;2025-09-01;Coop spesa;64.71;EUR;expense;Alimentari;Alimentari;Coop;Coop;False;;;;;"Alimentari 45,30; Casa 19,41"
738;2025-09-01;Rata mutuo Intesa Sanpaolo;858.4;EUR;expense;Mutuo;Casa;Intesa Sanpaolo;Intesa Sanpaolo;True;monthly;;;;
739;2025-09-02;Giroconto verso conto deposito;300.0;EUR;transfer;Giroconto;Giroconto;Illimity;Illimity;False;;;;;
740;2025-09-03;Premio assicurazione casa UnipolSai;24.5;EUR;expense;Assicurazioni;Assicurazioni;UnipolSai;UnipolSai;True;monthly;;;;
741;2025-09-04;IP carburante;49.11;EUR;expense;Carburante;Trasporto;IP;IP;False;;;;;
742;2025-09-04;Netflix abbonamento;13.99;EUR;expense;Streaming;Abbonamenti;Netflix;Netflix;True;monthly;;;;
743;2025-09-05;Rata prestito auto Agos;276.6;EUR;expense;Prestiti;Prestiti;Agos;Agos;True;monthly;;;;
744;2025-09-06;Spotify Premium;10.99;EUR;expense;Streaming;Abbonamenti;Spotify;Spotify;True;monthly;;;;
745;2025-09-08;Enel Energia bolletta luce e gas;67.46;EUR;expense;Bollette;Bollette;Enel Energia;Enel Energia;True;monthly;;;;
746;2025-09-10;Giroconto verso conto titoli;250.0;EUR;transfer;Giroconto;Giroconto;Directa;Directa;False;;;;;
747;2025-09-12;Acquisto VWCE 2.0846 quote a 115.13 (PAC);240.0;EUR;transfer;Investimenti;Investimenti;Vanguard;Vanguard;False;;;;;
748;2025-09-12;Commissione ordine Directa;1.5;EUR;expense;Commissioni;Commissioni;Directa;Directa;False;;;;;
749;2025-09-12;TIM fibra casa;32.9;EUR;expense;Internet e telefono;Bollette;TIM;TIM;True;monthly;;;;
750;2025-09-13;Lidl spesa;97.76;EUR;expense;Alimentari;Alimentari;Lidl;Lidl;False;;;;;
751;2025-09-15;Addebito estratto conto carta Visa;1244.09;EUR;transfer;Giroconto;Giroconto;Visa;Visa;False;;;;;
752;2025-09-15;Lidl spesa;35.96;EUR;expense;Alimentari;Alimentari;Lidl;Lidl;False;;;;;
753;2025-09-16;Contributo fondo pensione Cometa;100.0;EUR;transfer;Investimenti;Investimenti;Cometa;Cometa;False;;;;;
754;2025-09-16;IP carburante;42.61;EUR;expense;Carburante;Trasporto;IP;IP;False;;;;;
755;2025-09-18;Iliad ricarica mobile;9.99;EUR;expense;Internet e telefono;Bollette;Iliad;Iliad;True;monthly;;;;
756;2025-09-20;Palestra FitActive;34.9;EUR;expense;Palestra;Palestra;FitActive;FitActive;True;monthly;;;;
757;2025-09-20;Premio polizza salute Allianz;420.0;EUR;expense;Assicurazioni;Assicurazioni;Allianz;Allianz;True;yearly;;;;
758;2025-09-25;Decathlon acquisto;164.05;EUR;expense;Shopping;Shopping;Decathlon;Decathlon;False;;;;;
759;2025-09-26;Conad spesa;72.04;EUR;expense;Alimentari;Alimentari;Conad;Conad;False;;;;;
760;2025-09-26;Dividendo VWCE;15.4;EUR;income;Dividendi e cedole;Dividendi e cedole;Vanguard;Vanguard;False;;;;;
761;2025-09-26;Visita dentista;147.16;EUR;expense;Salute;Salute;Visita dentista;Visita dentista, detraibile;False;;;;;
762;2025-09-27;Stipendio ACME S.p.A.;2450.0;EUR;income;Stipendio;Stipendio;ACME S.p.A.;ACME S.p.A.;True;monthly;;;;
763;2025-09-29;IP carburante;63.85;EUR;expense;Carburante;Trasporto;IP;IP;False;;;;;
764;2025-09-30;Interessi maturati conto deposito;38.64;EUR;income;Interessi;Interessi;Illimity;Illimity;False;;;;;
765;2025-10-01;Coop spesa;66.47;EUR;expense;Alimentari;Alimentari;Coop;Coop;False;;;;;
766;2025-10-01;Rata mutuo Intesa Sanpaolo;858.4;EUR;expense;Mutuo;Casa;Intesa Sanpaolo;Intesa Sanpaolo;True;monthly;;;;
767;2025-10-02;Giroconto verso conto deposito;300.0;EUR;transfer;Giroconto;Giroconto;Illimity;Illimity;False;;;;;
768;2025-10-03;Premio assicurazione casa UnipolSai;24.5;EUR;expense;Assicurazioni;Assicurazioni;UnipolSai;UnipolSai;True;monthly;;;;
769;2025-10-04;Netflix abbonamento;13.99;EUR;expense;Streaming;Abbonamenti;Netflix;Netflix;True;monthly;;;;
770;2025-10-04;Q8 carburante;46.11;EUR;expense;Carburante;Trasporto;Q8;Q8;False;;;;;
771;2025-10-05;Rata prestito auto Agos;276.6;EUR;expense;Prestiti;Prestiti;Agos;Agos;True;monthly;;;;
772;2025-10-06;Spotify Premium;10.99;EUR;expense;Streaming;Abbonamenti;Spotify;Spotify;True;monthly;;;;
773;2025-10-08;Enel Energia bolletta luce e gas;69.28;EUR;expense;Bollette;Bollette;Enel Energia;Enel Energia;True;monthly;;;;
774;2025-10-10;Giroconto verso conto titoli;250.0;EUR;transfer;Giroconto;Giroconto;Directa;Directa;False;;;;;
775;2025-10-12;Acquisto VWCE 2.1012 quote a 114.22 (PAC);240.0;EUR;transfer;Investimenti;Investimenti;Vanguard;Vanguard;False;;;;;
776;2025-10-12;Commissione ordine Directa;1.5;EUR;expense;Commissioni;Commissioni;Directa;Directa;False;;;;;
777;2025-10-12;TIM fibra casa;32.9;EUR;expense;Internet e telefono;Bollette;TIM;TIM;True;monthly;;;;
778;2025-10-13;Lidl spesa;99.24;EUR;expense;Alimentari;Alimentari;Lidl;Lidl;False;;;;;
779;2025-10-14;Amazon Prime rinnovo annuale;49.9;EUR;expense;Abbonamenti;Abbonamenti;Amazon;Amazon;True;yearly;;;;
780;2025-10-14;Pizzeria Napoli;70.38;EUR;expense;Ristoranti;Ristoranti;Pizzeria Napoli;Pizzeria Napoli;False;;;;;
781;2025-10-15;Addebito estratto conto carta Visa;189.03;EUR;transfer;Giroconto;Giroconto;Visa;Visa;False;;;;;
782;2025-10-16;Contributo fondo pensione Cometa;100.0;EUR;transfer;Investimenti;Investimenti;Cometa;Cometa;False;;;;;
783;2025-10-18;Esselunga spesa;94.25;EUR;expense;Alimentari;Alimentari;Esselunga;Esselunga;False;;;;;
784;2025-10-18;Hotel Londra Covent Garden;494.63;GBP;expense;Viaggi;Viaggi;Premier Inn;Premier Inn, viaggio;False;;;;;
785;2025-10-18;Iliad ricarica mobile;9.99;EUR;expense;Internet e telefono;Bollette;Iliad;Iliad;True;monthly;;;;
786;2025-10-19;Fattura consulenza Studio Bianchi;982.08;EUR;income;Freelance;Freelance;Studio Bianchi;Studio Bianchi, lavoro;False;;;;;
787;2025-10-20;Palestra FitActive;34.9;EUR;expense;Palestra;Palestra;FitActive;FitActive;True;monthly;;;;
788;2025-10-21;Q8 carburante;48.62;EUR;expense;Carburante;Trasporto;Q8;Q8;False;;;;;
789;2025-10-24;Esselunga spesa;106.36;EUR;expense;Alimentari;Alimentari;Esselunga;Esselunga;False;;;;;
790;2025-10-24;Libreria Feltrinelli;36.55;EUR;expense;Svago;Svago;Libreria Feltrinelli;Libreria Feltrinelli;False;;;;;
791;2025-10-25;Pizzeria Napoli;62.16;EUR;expense;Ristoranti;Ristoranti;Pizzeria Napoli;Pizzeria Napoli;False;;;;;
792;2025-10-26;Bar Centrale colazione;6.33;EUR;expense;Bar e caffè;Ristoranti;Bar Centrale;Bar Centrale;False;;;;;
793;2025-10-27;Stipendio ACME S.p.A.;2450.0;EUR;income;Stipendio;Stipendio;ACME S.p.A.;ACME S.p.A.;True;monthly;;;;
794;2025-11-01;Rata mutuo Intesa Sanpaolo;858.4;EUR;expense;Mutuo;Casa;Intesa Sanpaolo;Intesa Sanpaolo;True;monthly;;;;
795;2025-11-02;Giroconto verso conto deposito;300.0;EUR;transfer;Giroconto;Giroconto;Illimity;Illimity;False;;;;;
796;2025-11-03;Conad spesa;42.94;EUR;expense;Alimentari;Alimentari;Conad;Conad;False;;;;;
797;2025-11-03;Premio assicurazione casa UnipolSai;24.5;EUR;expense;Assicurazioni;Assicurazioni;UnipolSai;UnipolSai;True;monthly;;;;
798;2025-11-04;Netflix abbonamento;13.99;EUR;expense;Streaming;Abbonamenti;Netflix;Netflix;True;monthly;;;;
799;2025-11-04;Pizzeria Napoli;18.72;EUR;expense;Ristoranti;Ristoranti;Pizzeria Napoli;Pizzeria Napoli;False;;;;;
800;2025-11-05;Bar Centrale colazione;2.68;EUR;expense;Bar e caffè;Ristoranti;Bar Centrale;Bar Centrale;False;;;;;
801;2025-11-05;Rata prestito auto Agos;276.6;EUR;expense;Prestiti;Prestiti;Agos;Agos;True;monthly;;;;
802;2025-11-06;Spotify Premium;10.99;EUR;expense;Streaming;Abbonamenti;Spotify;Spotify;True;monthly;;;;
803;2025-11-07;Zalando acquisto;124.83;EUR;expense;Shopping;Shopping;Zalando;Zalando;False;;;;;
804;2025-11-08;Enel Energia bolletta luce e gas;180.29;EUR;expense;Bollette;Bollette;Enel Energia;Enel Energia;True;monthly;;;;
805;2025-11-08;Esselunga spesa;117.29;EUR;expense;Alimentari;Alimentari;Esselunga;Esselunga;False;;;;;
806;2025-11-10;Giroconto verso conto titoli;250.0;EUR;transfer;Giroconto;Giroconto;Directa;Directa;False;;;;;
807;2025-11-12;Acquisto VWCE 2.1160 quote a 113.42 (PAC);240.0;EUR;transfer;Investimenti;Investimenti;Vanguard;Vanguard;False;;;;;
808;2025-11-12;Commissione ordine Directa;1.5;EUR;expense;Commissioni;Commissioni;Directa;Directa;False;;;;;
809;2025-11-12;TIM fibra casa;32.9;EUR;expense;Internet e telefono;Bollette;TIM;TIM;True;monthly;;;;
810;2025-11-15;Addebito estratto conto carta Visa;829.02;EUR;transfer;Giroconto;Giroconto;Visa;Visa;False;;;;;
811;2025-11-15;Premio RC capofamiglia Reale Mutua;95.0;EUR;expense;Assicurazioni;Assicurazioni;Reale Mutua;Reale Mutua;True;yearly;;;;
812;2025-11-16;Contributo fondo pensione Cometa;100.0;EUR;transfer;Investimenti;Investimenti;Cometa;Cometa;False;;;;;
813;2025-11-16;TARI rata comune;146.83;EUR;expense;Tasse e imposte;Tasse e imposte;Comune di Milano;Comune di Milano;False;;;;;
814;2025-11-18;Iliad ricarica mobile;9.99;EUR;expense;Internet e telefono;Bollette;Iliad;Iliad;True;monthly;;;;
815;2025-11-20;Conad spesa;113.49;EUR;expense;Alimentari;Alimentari;Conad;Conad;False;;;;;
816;2025-11-20;Palestra FitActive;34.9;EUR;expense;Palestra;Palestra;FitActive;FitActive;True;monthly;;;;
817;2025-11-21;Pizzeria Napoli;63.48;EUR;expense;Ristoranti;Ristoranti;Pizzeria Napoli;Pizzeria Napoli;False;;;;;
818;2025-11-22;Bar Centrale colazione;4.65;EUR;expense;Bar e caffè;Ristoranti;Bar Centrale;Bar Centrale;False;;;;;
819;2025-11-24;Esselunga spesa;45.04;EUR;expense;Alimentari;Alimentari;Esselunga;Esselunga;False;;;;;
820;2025-11-26;Bar Centrale colazione;7.31;EUR;expense;Bar e caffè;Ristoranti;Bar Centrale;Bar Centrale;False;;;;;
821;2025-11-27;IP carburante;64.29;EUR;expense;Carburante;Trasporto;IP;IP;False;;;;;
822;2025-11-27;Stipendio ACME S.p.A.;2450.0;EUR;income;Stipendio;Stipendio;ACME S.p.A.;ACME S.p.A.;True;monthly;;;;
823;2025-11-28;Cedola BTP Italia 2030;80.0;EUR;income;Dividendi e cedole;Dividendi e cedole;MEF;MEF;False;;;;;
824;2025-12-01;Esselunga spesa;108.82;EUR;expense;Alimentari;Alimentari;Esselunga;Esselunga;False;;;;;
825;2025-12-01;Rata mutuo Intesa Sanpaolo;858.4;EUR;expense;Mutuo;Casa;Intesa Sanpaolo;Intesa Sanpaolo;True;monthly;;;;
826;2025-12-02;Giroconto verso conto deposito;300.0;EUR;transfer;Giroconto;Giroconto;Illimity;Illimity;False;;;;;
827;2025-12-02;Trattoria Milanese;22.01;EUR;expense;Ristoranti;Ristoranti;Trattoria Milanese;Trattoria Milanese;False;;;;;
828;2025-12-03;Bar Centrale colazione;4.04;EUR;expense;Bar e caffè;Ristoranti;Bar Centrale;Bar Centrale;False;;;;;
829;2025-12-03;Premio assicurazione casa UnipolSai;24.5;EUR;expense;Assicurazioni;Assicurazioni;UnipolSai;UnipolSai;True;monthly;;;;
830;2025-12-04;Netflix abbonamento;13.99;EUR;expense;Streaming;Abbonamenti;Netflix;Netflix;True;monthly;;;;
831;2025-12-05;Rata prestito auto Agos;276.6;EUR;expense;Prestiti;Prestiti;Agos;Agos;True;monthly;;;;
832;2025-12-06;Spotify Premium;10.99;EUR;expense;Streaming;Abbonamenti;Spotify;Spotify;True;monthly;;;;
833;2025-12-07;Visita dentista;102.02;EUR;expense;Salute;Salute;Visita dentista;Visita dentista, detraibile;False;;;;;
834;2025-12-08;Enel Energia bolletta luce e gas;151.41;EUR;expense;Bollette;Bollette;Enel Energia;Enel Energia;True;monthly;;;;
835;2025-12-09;Esselunga spesa;91.19;EUR;expense;Alimentari;Alimentari;Esselunga;Esselunga;False;;;;;
836;2025-12-10;Giroconto verso conto titoli;250.0;EUR;transfer;Giroconto;Giroconto;Directa;Directa;False;;;;;
837;2025-12-10;Pizzeria Napoli;29.31;EUR;expense;Ristoranti;Ristoranti;Pizzeria Napoli;Pizzeria Napoli;False;;;;;
838;2025-12-12;Acquisto VWCE 2.1239 quote a 113.0 (PAC);240.0;EUR;transfer;Investimenti;Investimenti;Vanguard;Vanguard;False;;;;;
839;2025-12-12;Commissione ordine Directa;1.5;EUR;expense;Commissioni;Commissioni;Directa;Directa;False;;;;;
840;2025-12-12;Regali di Natale;384.68;EUR;expense;Regali e donazioni;Regali e donazioni;Vari;Vari;False;;;;;
841;2025-12-12;TIM fibra casa;32.9;EUR;expense;Internet e telefono;Bollette;TIM;TIM;True;monthly;;;;
842;2025-12-15;Addebito estratto conto carta Visa;246.65;EUR;transfer;Giroconto;Giroconto;Visa;Visa;False;;;;;
843;2025-12-15;IKEA acquisto;138.81;EUR;expense;Shopping;Shopping;IKEA;IKEA;False;;;;;
844;2025-12-15;Teatro alla Scala;34.38;EUR;expense;Svago;Svago;Teatro alla Scala;Teatro alla Scala;False;;;;;
845;2025-12-16;Conad spesa;95.7;EUR;expense;Alimentari;Alimentari;Conad;Conad;False;;;;;
846;2025-12-16;Contributo fondo pensione Cometa;100.0;EUR;transfer;Investimenti;Investimenti;Cometa;Cometa;False;;;;;
847;2025-12-18;Bar Centrale colazione;3.1;EUR;expense;Bar e caffè;Ristoranti;Bar Centrale;Bar Centrale;False;;;;;
848;2025-12-18;Iliad ricarica mobile;9.99;EUR;expense;Internet e telefono;Bollette;Iliad;Iliad;True;monthly;;;;
849;2025-12-20;Palestra FitActive;34.9;EUR;expense;Palestra;Palestra;FitActive;FitActive;True;monthly;;;;
850;2025-12-23;Coop spesa;114.2;EUR;expense;Alimentari;Alimentari;Coop;Coop;False;;;;;
851;2025-12-24;Ristorante Da Mario;78.76;EUR;expense;Ristoranti;Ristoranti;Ristorante Da Mario;Ristorante Da Mario;False;;;;;
852;2025-12-25;Bar Centrale colazione;3.35;EUR;expense;Bar e caffè;Ristoranti;Bar Centrale;Bar Centrale;False;;;;;
853;2025-12-26;Dividendo VWCE;17.17;EUR;income;Dividendi e cedole;Dividendi e cedole;Vanguard;Vanguard;False;;;;;
854;2025-12-27;Stipendio ACME S.p.A.;4900.0;EUR;income;Stipendio;Stipendio;ACME S.p.A.;ACME S.p.A.;True;monthly;;;;
855;2025-12-30;Interessi maturati conto deposito;44.56;EUR;income;Interessi;Interessi;Illimity;Illimity;False;;;;;
856;2026-01-01;Rata mutuo Intesa Sanpaolo;858.4;EUR;expense;Mutuo;Casa;Intesa Sanpaolo;Intesa Sanpaolo;True;monthly;;;;
857;2026-01-02;Giroconto verso conto deposito;300.0;EUR;transfer;Giroconto;Giroconto;Illimity;Illimity;False;;;;;
858;2026-01-03;Lidl spesa;38.15;EUR;expense;Alimentari;Alimentari;Lidl;Lidl;False;;;;;
859;2026-01-03;Premio assicurazione casa UnipolSai;24.5;EUR;expense;Assicurazioni;Assicurazioni;UnipolSai;UnipolSai;True;monthly;;;;
860;2026-01-04;Netflix abbonamento;13.99;EUR;expense;Streaming;Abbonamenti;Netflix;Netflix;True;monthly;;;;
861;2026-01-04;Trattoria Milanese;54.14;EUR;expense;Ristoranti;Ristoranti;Trattoria Milanese;Trattoria Milanese;False;;;;;
862;2026-01-05;Bar Centrale colazione;2.68;EUR;expense;Bar e caffè;Ristoranti;Bar Centrale;Bar Centrale;False;;;;;
863;2026-01-05;Rata prestito auto Agos;276.6;EUR;expense;Prestiti;Prestiti;Agos;Agos;True;monthly;;;;
864;2026-01-06;Eni carburante;54.21;EUR;expense;Carburante;Trasporto;Eni;Eni;False;;;;;
865;2026-01-06;Spotify Premium;10.99;EUR;expense;Streaming;Abbonamenti;Spotify;Spotify;True;monthly;;;;
866;2026-01-08;Enel Energia bolletta luce e gas;179.57;EUR;expense;Bollette;Bollette;Enel Energia;Enel Energia;True;monthly;;;;
867;2026-01-10;Giroconto verso conto titoli;250.0;EUR;transfer;Giroconto;Giroconto;Directa;Directa;False;;;;;
868;2026-01-11;Conad spesa;107.66;EUR;expense;Alimentari;Alimentari;Conad;Conad;False;;;;;
869;2026-01-12;Acquisto VWCE 2.1205 quote a 113.18 (PAC);240.0;EUR;transfer;Investimenti;Investimenti;Vanguard;Vanguard;False;;;;;
870;2026-01-12;Commissione ordine Directa;1.5;EUR;expense;Commissioni;Commissioni;Directa;Directa;False;;;;;
871;2026-01-12;Sushi Ko;78.86;EUR;expense;Ristoranti;Ristoranti;Sushi Ko;Sushi Ko;False;;;;;
872;2026-01-12;TIM fibra casa;32.9;EUR;expense;Internet e telefono;Bollette;TIM;TIM;True;monthly;;;;
873;2026-01-14;Q8 carburante;53.2;EUR;expense;Carburante;Trasporto;Q8;Q8;False;;;;;
874;2026-01-15;Addebito estratto conto carta Visa;723.42;EUR;transfer;Giroconto;Giroconto;Visa;Visa;False;;;;;
875;2026-01-16;Contributo fondo pensione Cometa;100.0;EUR;transfer;Investimenti;Investimenti;Cometa;Cometa;False;;;;;
876;2026-01-16;IKEA acquisto;80.97;EUR;expense;Shopping;Shopping;IKEA;IKEA;False;;;;;
877;2026-01-18;Iliad ricarica mobile;9.99;EUR;expense;Internet e telefono;Bollette;Iliad;Iliad;True;monthly;;;;
878;2026-01-20;Conad spesa;108.46;EUR;expense;Alimentari;Alimentari;Conad;Conad;False;;;;;
879;2026-01-20;Palestra FitActive;34.9;EUR;expense;Palestra;Palestra;FitActive;FitActive;True;monthly;;;;
880;2026-01-22;Bar Centrale colazione;3.06;EUR;expense;Bar e caffè;Ristoranti;Bar Centrale;Bar Centrale;False;;;;;
881;2026-01-23;IP carburante;40.1;EUR;expense;Carburante;Trasporto;IP;IP;False;;;;;
882;2026-01-23;Lidl spesa;102.86;EUR;expense;Alimentari;Alimentari;Lidl;Lidl;False;;;;;
883;2026-01-24;Dividendo Enel;26.88;EUR;income;Dividendi e cedole;Dividendi e cedole;Enel;Enel;False;;;;;
884;2026-01-25;Bar Centrale colazione;6.56;EUR;expense;Bar e caffè;Ristoranti;Bar Centrale;Bar Centrale;False;;;;;
885;2026-01-25;Premio polizza vita Generali;180.0;EUR;expense;Assicurazioni;Assicurazioni;Generali;Generali;False;;;;;
886;2026-01-26;IP carburante;64.37;EUR;expense;Carburante;Trasporto;IP;IP;False;;;;;
887;2026-01-27;Stipendio ACME S.p.A.;2600.0;EUR;income;Stipendio;Stipendio;ACME S.p.A.;ACME S.p.A.;True;monthly;;;;
888;2026-01-28;Bollo auto ACI;286.0;EUR;expense;Tasse e imposte;Tasse e imposte;ACI;ACI;False;;;;;
889;2026-02-01;Rata mutuo Intesa Sanpaolo;858.4;EUR;expense;Mutuo;Casa;Intesa Sanpaolo;Intesa Sanpaolo;True;monthly;;;;
890;2026-02-02;Giroconto verso conto deposito;300.0;EUR;transfer;Giroconto;Giroconto;Illimity;Illimity;False;;;;;
891;2026-02-03;Coop spesa;86.73;EUR;expense;Alimentari;Alimentari;Coop;Coop;False;;;;;
892;2026-02-03;Premio assicurazione casa UnipolSai;24.5;EUR;expense;Assicurazioni;Assicurazioni;UnipolSai;UnipolSai;True;monthly;;;;
893;2026-02-04;Netflix abbonamento;15.99;EUR;expense;Streaming;Abbonamenti;Netflix;Netflix;True;monthly;;;;
894;2026-02-04;Pizzeria Napoli;39.59;EUR;expense;Ristoranti;Ristoranti;Pizzeria Napoli;Pizzeria Napoli;False;;;;;
895;2026-02-05;Bar Centrale colazione;6.92;EUR;expense;Bar e caffè;Ristoranti;Bar Centrale;Bar Centrale;False;;;;;
896;2026-02-05;Rata prestito auto Agos;276.6;EUR;expense;Prestiti;Prestiti;Agos;Agos;True;monthly;;;;
897;2026-02-06;Spotify Premium;10.99;EUR;expense;Streaming;Abbonamenti;Spotify;Spotify;True;monthly;;;;
898;2026-02-08;Enel Energia bolletta luce e gas;114.88;EUR;expense;Bollette;Bollette;Enel Energia;Enel Energia;True;monthly;;;;
899;2026-02-10;Genialloyd polizza auto;527.97;EUR;expense;Assicurazioni;Assicurazioni;Genialloyd;Genialloyd;True;yearly;;;;
900;2026-02-10;Giroconto verso conto titoli;250.0;EUR;transfer;Giroconto;Giroconto;Directa;Directa;False;;;;;
901;2026-02-10;Lidl spesa;108.38;EUR;expense;Alimentari;Alimentari;Lidl;Lidl;False;;;;;
902;2026-02-12;Acquisto VWCE 2.1036 quote a 114.09 (PAC);240.0;EUR;transfer;Investimenti;Investimenti;Vanguard;Vanguard;False;;;;;
903;2026-02-12;Bar Centrale colazione;8.13;EUR;expense;Bar e caffè;Ristoranti;Bar Centrale;Bar Centrale;False;;;;;
904;2026-02-12;Commissione ordine Directa;1.5;EUR;expense;Commissioni;Commissioni;Directa;Directa;False;;;;;
905;2026-02-12;TIM fibra casa;32.9;EUR;expense;Internet e telefono;Bollette;TIM;TIM;True;monthly;;;;
906;2026-02-13;Q8 carburante;62.77;EUR;expense;Carburante;Trasporto;Q8;Q8;False;;;;;
907;2026-02-15;Addebito estratto conto carta Visa;251.25;EUR;transfer;Giroconto;Giroconto;Visa;Visa;False;;;;;
908;2026-02-16;Contributo fondo pensione Cometa;100.0;EUR;transfer;Investimenti;Investimenti;Cometa;Cometa;False;;;;;
909;2026-02-16;Coop spesa;60.14;EUR;expense;Alimentari;Alimentari;Coop;Coop;False;;;;;
910;2026-02-16;Fattura consulenza Studio Bianchi;907.58;EUR;income;Freelance;Freelance;Studio Bianchi;Studio Bianchi, lavoro;False;;;;;
911;2026-02-17;Decathlon acquisto;179.95;EUR;expense;Shopping;Shopping;Decathlon;Decathlon;False;;;;;
912;2026-02-17;Ottico Salmoiraghi;175.99;EUR;expense;Salute;Salute;Ottico Salmoiraghi;Ottico Salmoiraghi, detraibile;False;;;;;
913;2026-02-18;Bar Centrale colazione;5.58;EUR;expense;Bar e caffè;Ristoranti;Bar Centrale;Bar Centrale;False;;;;;
914;2026-02-18;Iliad ricarica mobile;9.99;EUR;expense;Internet e telefono;Bollette;Iliad;Iliad;True;monthly;;;;
915;2026-02-20;Palestra FitActive;34.9;EUR;expense;Palestra;Palestra;FitActive;FitActive;True;monthly;;;;
916;2026-02-22;Coop spesa;98.59;EUR;expense;Alimentari;Alimentari;Coop;Coop;False;;;;;
917;2026-02-27;Stipendio ACME S.p.A.;2600.0;EUR;income;Stipendio;Stipendio;ACME S.p.A.;ACME S.p.A.;True;monthly;;;;
918;2026-03-01;Rata mutuo Intesa Sanpaolo;858.4;EUR;expense;Mutuo;Casa;Intesa Sanpaolo;Intesa Sanpaolo;True;monthly;;;;
919;2026-03-02;Giroconto verso conto deposito;300.0;EUR;transfer;Giroconto;Giroconto;Illimity;Illimity;False;;;;;
920;2026-03-03;Premio assicurazione casa UnipolSai;24.5;EUR;expense;Assicurazioni;Assicurazioni;UnipolSai;UnipolSai;True;monthly;;;;
921;2026-03-04;Netflix abbonamento;15.99;EUR;expense;Streaming;Abbonamenti;Netflix;Netflix;True;monthly;;;;
922;2026-03-05;Rata prestito auto Agos;276.6;EUR;expense;Prestiti;Prestiti;Agos;Agos;True;monthly;;;;
923;2026-03-06;Conad spesa;40.01;EUR;expense;Alimentari;Alimentari;Conad;Conad;False;;;;;"Alimentari 28,01; Casa 12,00"
924;2026-03-06;Spotify Premium;10.99;EUR;expense;Streaming;Abbonamenti;Spotify;Spotify;True;monthly;;;;
925;2026-03-08;Bar Centrale colazione;7.47;EUR;expense;Bar e caffè;Ristoranti;Bar Centrale;Bar Centrale;False;;;;;
926;2026-03-08;Enel Energia bolletta luce e gas;160.52;EUR;expense;Bollette;Bollette;Enel Energia;Enel Energia;True;monthly;;;;
927;2026-03-10;Giroconto verso conto titoli;250.0;EUR;transfer;Giroconto;Giroconto;Directa;Directa;False;;;;;
928;2026-03-11;Concerto Forum;38.91;EUR;expense;Svago;Svago;Concerto Forum;Concerto Forum;False;;;;;
929;2026-03-11;Lidl spesa;94.61;EUR;expense;Alimentari;Alimentari;Lidl;Lidl;False;;;;;
930;2026-03-12;Acquisto VWCE 2.0733 quote a 115.76 (PAC);240.01;EUR;transfer;Investimenti;Investimenti;Vanguard;Vanguard;False;;;;;
931;2026-03-12;Commissione ordine Directa;1.5;EUR;expense;Commissioni;Commissioni;Directa;Directa;False;;;;;
932;2026-03-12;TIM fibra casa;32.9;EUR;expense;Internet e telefono;Bollette;TIM;TIM;True;monthly;;;;
933;2026-03-13;Zalando acquisto;108.83;EUR;expense;Shopping;Shopping;Zalando;Zalando;False;;;;;
934;2026-03-15;Addebito estratto conto carta Visa;267.15;EUR;transfer;Giroconto;Giroconto;Visa;Visa;False;;;;;
935;2026-03-15;Lidl spesa;119.41;EUR;expense;Alimentari;Alimentari;Lidl;Lidl;False;;;;;
936;2026-03-16;Contributo fondo pensione Cometa;100.0;EUR;transfer;Investimenti;Investimenti;Cometa;Cometa;False;;;;;
937;2026-03-16;Ristorante Da Mario;39.27;EUR;expense;Ristoranti;Ristoranti;Ristorante Da Mario;Ristorante Da Mario;False;;;;;
938;2026-03-18;Iliad ricarica mobile;9.99;EUR;expense;Internet e telefono;Bollette;Iliad;Iliad;True;monthly;;;;
939;2026-03-20;Palestra FitActive;34.9;EUR;expense;Palestra;Palestra;FitActive;FitActive;True;monthly;;;;
940;2026-03-23;Esselunga spesa;106.84;EUR;expense;Alimentari;Alimentari;Esselunga;Esselunga;False;;;;;
941;2026-03-24;Trattoria Milanese;73.63;EUR;expense;Ristoranti;Ristoranti;Trattoria Milanese;Trattoria Milanese;False;;;;;
942;2026-03-25;Bar Centrale colazione;5.56;EUR;expense;Bar e caffè;Ristoranti;Bar Centrale;Bar Centrale;False;;;;;
943;2026-03-26;Dividendo VWCE;18.94;EUR;income;Dividendi e cedole;Dividendi e cedole;Vanguard;Vanguard;False;;;;;
944;2026-03-26;Q8 carburante;40.7;EUR;expense;Carburante;Trasporto;Q8;Q8;False;;;;;
945;2026-03-27;Premio di produzione ACME;1202.8;EUR;income;Bonus e premi;Bonus e premi;ACME S.p.A.;ACME S.p.A.;False;;;;;
946;2026-03-27;Stipendio ACME S.p.A.;2600.0;EUR;income;Stipendio;Stipendio;ACME S.p.A.;ACME S.p.A.;True;monthly;;;;
947;2026-03-30;Interessi maturati conto deposito;43.56;EUR;income;Interessi;Interessi;Illimity;Illimity;False;;;;;
948;2026-04-01;Rata mutuo Intesa Sanpaolo;858.4;EUR;expense;Mutuo;Casa;Intesa Sanpaolo;Intesa Sanpaolo;True;monthly;;;;
949;2026-04-02;Conad spesa;56.98;EUR;expense;Alimentari;Alimentari;Conad;Conad;False;;;;;
950;2026-04-02;Giroconto verso conto deposito;300.0;EUR;transfer;Giroconto;Giroconto;Illimity;Illimity;False;;;;;
951;2026-04-03;Premio assicurazione casa UnipolSai;24.5;EUR;expense;Assicurazioni;Assicurazioni;UnipolSai;UnipolSai;True;monthly;;;;
952;2026-04-03;Ristorante Da Mario;41.61;EUR;expense;Ristoranti;Ristoranti;Ristorante Da Mario;Ristorante Da Mario;False;;;;;
953;2026-04-04;Netflix abbonamento;15.99;EUR;expense;Streaming;Abbonamenti;Netflix;Netflix;True;monthly;;;;
954;2026-04-05;Rata prestito auto Agos;276.6;EUR;expense;Prestiti;Prestiti;Agos;Agos;True;monthly;;;;
955;2026-04-06;Spotify Premium;10.99;EUR;expense;Streaming;Abbonamenti;Spotify;Spotify;True;monthly;;;;
956;2026-04-08;Enel Energia bolletta luce e gas;58.64;EUR;expense;Bollette;Bollette;Enel Energia;Enel Energia;True;monthly;;;;
957;2026-04-10;Cinema UCI;27.39;EUR;expense;Svago;Svago;Cinema UCI;Cinema UCI;False;;;;;
958;2026-04-10;Giroconto verso conto titoli;250.0;EUR;transfer;Giroconto;Giroconto;Directa;Directa;False;;;;;
959;2026-04-12;Acquisto VWCE 2.0329 quote a 118.06 (PAC);240.0;EUR;transfer;Investimenti;Investimenti;Vanguard;Vanguard;False;;;;;
960;2026-04-12;Commissione ordine Directa;1.5;EUR;expense;Commissioni;Commissioni;Directa;Directa;False;;;;;
961;2026-04-12;TIM fibra casa;32.9;EUR;expense;Internet e telefono;Bollette;TIM;TIM;True;monthly;;;;
962;2026-04-13;Coop spesa;45.9;EUR;expense;Alimentari;Alimentari;Coop;Coop;False;;;;;
963;2026-04-14;Sushi Ko;22.75;EUR;expense;Ristoranti;Ristoranti;Sushi Ko;Sushi Ko;False;;;;;
964;2026-04-15;Addebito estratto conto carta Visa;300.65;EUR;transfer;Giroconto;Giroconto;Visa;Visa;False;;;;;
965;2026-04-15;Bar Centrale colazione;4.81;EUR;expense;Bar e caffè;Ristoranti;Bar Centrale;Bar Centrale;False;;;;;
966;2026-04-16;Contributo fondo pensione Cometa;100.0;EUR;transfer;Investimenti;Investimenti;Cometa;Cometa;False;;;;;
967;2026-04-18;Iliad ricarica mobile;9.99;EUR;expense;Internet e telefono;Bollette;Iliad;Iliad;True;monthly;;;;
968;2026-04-18;Lidl spesa;116.81;EUR;expense;Alimentari;Alimentari;Lidl;Lidl;False;;;;;
969;2026-04-19;Ristorante Da Mario;36.26;EUR;expense;Ristoranti;Ristoranti;Ristorante Da Mario;Ristorante Da Mario;False;;;;;
970;2026-04-20;Bar Centrale colazione;6.28;EUR;expense;Bar e caffè;Ristoranti;Bar Centrale;Bar Centrale;False;;;;;
971;2026-04-20;Palestra FitActive;34.9;EUR;expense;Palestra;Palestra;FitActive;FitActive;True;monthly;;;;
972;2026-04-20;Visita dentista;150.02;EUR;expense;Salute;Salute;Visita dentista;Visita dentista, detraibile;False;;;;;
973;2026-04-21;Eni carburante;61.73;EUR;expense;Carburante;Trasporto;Eni;Eni;False;;;;;
974;2026-04-22;Hotel New York Manhattan;744.8;USD;expense;Viaggi;Viaggi;Hilton;Hilton, viaggio;False;;;;;
975;2026-04-24;Esselunga spesa;79.91;EUR;expense;Alimentari;Alimentari;Esselunga;Esselunga;False;;;;;
976;2026-04-25;Sushi Ko;45.99;EUR;expense;Ristoranti;Ristoranti;Sushi Ko;Sushi Ko;False;;;;;
977;2026-04-27;IP carburante;71.37;EUR;expense;Carburante;Trasporto;IP;IP;False;;;;;
978;2026-04-27;Stipendio ACME S.p.A.;2600.0;EUR;income;Stipendio;Stipendio;ACME S.p.A.;ACME S.p.A.;True;monthly;;;;
979;2026-05-01;Rata mutuo Intesa Sanpaolo;858.4;EUR;expense;Mutuo;Casa;Intesa Sanpaolo;Intesa Sanpaolo;True;monthly;;;;
980;2026-05-02;Giroconto verso conto deposito;300.0;EUR;transfer;Giroconto;Giroconto;Illimity;Illimity;False;;;;;
981;2026-05-03;Premio assicurazione casa UnipolSai;24.5;EUR;expense;Assicurazioni;Assicurazioni;UnipolSai;UnipolSai;True;monthly;;;;
982;2026-05-04;Netflix abbonamento;15.99;EUR;expense;Streaming;Abbonamenti;Netflix;Netflix;True;monthly;;;;
983;2026-05-05;Rata prestito auto Agos;276.6;EUR;expense;Prestiti;Prestiti;Agos;Agos;True;monthly;;;;
984;2026-05-06;Esselunga spesa;39.16;EUR;expense;Alimentari;Alimentari;Esselunga;Esselunga;False;;;;;
985;2026-05-06;Spotify Premium;10.99;EUR;expense;Streaming;Abbonamenti;Spotify;Spotify;True;monthly;;;;
986;2026-05-07;Pizzeria Napoli;38.72;EUR;expense;Ristoranti;Ristoranti;Pizzeria Napoli;Pizzeria Napoli;False;;;;;
987;2026-05-08;Bar Centrale colazione;5.42;EUR;expense;Bar e caffè;Ristoranti;Bar Centrale;Bar Centrale;False;;;;;
988;2026-05-08;Enel Energia bolletta luce e gas;79.9;EUR;expense;Bollette;Bollette;Enel Energia;Enel Energia;True;monthly;;;;
989;2026-05-10;Giroconto verso conto titoli;250.0;EUR;transfer;Giroconto;Giroconto;Directa;Directa;False;;;;;
990;2026-05-11;Conad spesa;63.12;EUR;expense;Alimentari;Alimentari;Conad;Conad;False;;;;;
991;2026-05-12;Acquisto VWCE 1.9866 quote a 120.81 (PAC);240.0;EUR;transfer;Investimenti;Investimenti;Vanguard;Vanguard;False;;;;;
992;2026-05-12;Commissione ordine Directa;1.5;EUR;expense;Commissioni;Commissioni;Directa;Directa;False;;;;;
993;2026-05-12;Ristorante Da Mario;29.42;EUR;expense;Ristoranti;Ristoranti;Ristorante Da Mario;Ristorante Da Mario;False;;;;;
994;2026-05-12;TIM fibra casa;32.9;EUR;expense;Internet e telefono;Bollette;TIM;TIM;True;monthly;;;;
995;2026-05-14;Eni carburante;59.99;EUR;expense;Carburante;Trasporto;Eni;Eni;False;;;;;
996;2026-05-15;Addebito estratto conto carta Visa;897.29;EUR;transfer;Giroconto;Giroconto;Visa;Visa;False;;;;;
997;2026-05-15;Farmacia Comunale;31.91;EUR;expense;Salute;Salute;Farmacia Comunale;Farmacia Comunale, detraibile;False;;;;;
998;2026-05-16;Contributo fondo pensione Cometa;100.0;EUR;transfer;Investimenti;Investimenti;Cometa;Cometa;False;;;;;
999;2026-05-16;TARI rata comune;159.26;EUR;expense;Tasse e imposte;Tasse e imposte;Comune di Milano;Comune di Milano;False;;;;;
1000;2026-05-17;Esselunga spesa;97.86;EUR;expense;Alimentari;Alimentari;Esselunga;Esselunga;False;;;;;
1001;2026-05-18;Iliad ricarica mobile;9.99;EUR;expense;Internet e telefono;Bollette;Iliad;Iliad;True;monthly;;;;
1002;2026-05-18;Trattoria Milanese;57.42;EUR;expense;Ristoranti;Ristoranti;Trattoria Milanese;Trattoria Milanese;False;;;;;
1003;2026-05-20;IP carburante;69.71;EUR;expense;Carburante;Trasporto;IP;IP;False;;;;;
1004;2026-05-20;Palestra FitActive;34.9;EUR;expense;Palestra;Palestra;FitActive;FitActive;True;monthly;;;;
1005;2026-05-22;Lidl spesa;116.95;EUR;expense;Alimentari;Alimentari;Lidl;Lidl;False;;;;;
1006;2026-05-23;Ristorante Da Mario;46.99;EUR;expense;Ristoranti;Ristoranti;Ristorante Da Mario;Ristorante Da Mario;False;;;;;
1007;2026-05-24;Bar Centrale colazione;8.56;EUR;expense;Bar e caffè;Ristoranti;Bar Centrale;Bar Centrale;False;;;;;
1008;2026-05-25;Eni carburante;43.45;EUR;expense;Carburante;Trasporto;Eni;Eni;False;;;;;
1009;2026-05-27;Stipendio ACME S.p.A.;2600.0;EUR;income;Stipendio;Stipendio;ACME S.p.A.;ACME S.p.A.;True;monthly;;;;
1010;2026-05-28;Cedola BTP Italia 2030;80.0;EUR;income;Dividendi e cedole;Dividendi e cedole;MEF;MEF;False;;;;;
1011;2026-06-01;Lidl spesa;118.95;EUR;expense;Alimentari;Alimentari;Lidl;Lidl;False;;;;;
1012;2026-06-01;Rata mutuo Intesa Sanpaolo;858.4;EUR;expense;Mutuo;Casa;Intesa Sanpaolo;Intesa Sanpaolo;True;monthly;;;;
1013;2026-06-02;Giroconto verso conto deposito;300.0;EUR;transfer;Giroconto;Giroconto;Illimity;Illimity;False;;;;;
1014;2026-06-02;Pizzeria Napoli;61.38;EUR;expense;Ristoranti;Ristoranti;Pizzeria Napoli;Pizzeria Napoli;False;;;;;
1015;2026-06-03;Bar Centrale colazione;2.64;EUR;expense;Bar e caffè;Ristoranti;Bar Centrale;Bar Centrale;False;;;;;
1016;2026-06-03;Premio assicurazione casa UnipolSai;24.5;EUR;expense;Assicurazioni;Assicurazioni;UnipolSai;UnipolSai;True;monthly;;;;
1017;2026-06-04;IP carburante;74.74;EUR;expense;Carburante;Trasporto;IP;IP;False;;;;;
1018;2026-06-04;Netflix abbonamento;15.99;EUR;expense;Streaming;Abbonamenti;Netflix;Netflix;True;monthly;;;;
1019;2026-06-05;Rata prestito auto Agos;276.6;EUR;expense;Prestiti;Prestiti;Agos;Agos;True;monthly;;;;
1020;2026-06-06;Spotify Premium;10.99;EUR;expense;Streaming;Abbonamenti;Spotify;Spotify;True;monthly;;;;
1021;2026-06-08;Enel Energia bolletta luce e gas;47.59;EUR;expense;Bollette;Bollette;Enel Energia;Enel Energia;True;monthly;;;;
1022;2026-06-09;Conad spesa;76.4;EUR;expense;Alimentari;Alimentari;Conad;Conad;False;;;;;
1023;2026-06-10;Giroconto verso conto titoli;250.0;EUR;transfer;Giroconto;Giroconto;Directa;Directa;False;;;;;
1024;2026-06-12;Acquisto VWCE 1.9397 quote a 123.73 (PAC);240.0;EUR;transfer;Investimenti;Investimenti;Vanguard;Vanguard;False;;;;;
1025;2026-06-12;Commissione ordine Directa;1.5;EUR;expense;Commissioni;Commissioni;Directa;Directa;False;;;;;
1026;2026-06-12;TIM fibra casa;32.9;EUR;expense;Internet e telefono;Bollette;TIM;TIM;True;monthly;;;;
1027;2026-06-15;Addebito estratto conto carta Visa;213.51;EUR;transfer;Giroconto;Giroconto;Visa;Visa;False;;;;;
1028;2026-06-16;Contributo fondo pensione Cometa;100.0;EUR;transfer;Investimenti;Investimenti;Cometa;Cometa;False;;;;;
1029;2026-06-17;Fattura consulenza Studio Bianchi;558.46;EUR;income;Freelance;Freelance;Studio Bianchi;Studio Bianchi, lavoro;False;;;;;
1030;2026-06-18;Iliad ricarica mobile;9.99;EUR;expense;Internet e telefono;Bollette;Iliad;Iliad;True;monthly;;;;
1031;2026-06-20;Conad spesa;95.39;EUR;expense;Alimentari;Alimentari;Conad;Conad;False;;;;;
1032;2026-06-20;Libreria Feltrinelli;34.47;EUR;expense;Svago;Svago;Libreria Feltrinelli;Libreria Feltrinelli;False;;;;;
1033;2026-06-20;Palestra FitActive;34.9;EUR;expense;Palestra;Palestra;FitActive;FitActive;True;monthly;;;;
1034;2026-06-22;Bar Centrale colazione;5.41;EUR;expense;Bar e caffè;Ristoranti;Bar Centrale;Bar Centrale;False;;;;;
1035;2026-06-22;Ottico Salmoiraghi;43.45;EUR;expense;Salute;Salute;Ottico Salmoiraghi;Ottico Salmoiraghi, detraibile;False;;;;;
1036;2026-06-25;Lidl spesa;71.2;EUR;expense;Alimentari;Alimentari;Lidl;Lidl;False;;;;;
1037;2026-06-26;Dividendo VWCE;20.6;EUR;income;Dividendi e cedole;Dividendi e cedole;Vanguard;Vanguard;False;;;;;
1038;2026-06-26;Sushi Ko;76.62;EUR;expense;Ristoranti;Ristoranti;Sushi Ko;Sushi Ko;False;;;;;
1039;2026-06-27;Bar Centrale colazione;4.59;EUR;expense;Bar e caffè;Ristoranti;Bar Centrale;Bar Centrale;False;;;;;
1040;2026-06-27;Stipendio ACME S.p.A.;2600.0;EUR;income;Stipendio;Stipendio;ACME S.p.A.;ACME S.p.A.;True;monthly;;;;
1041;2026-06-30;Interessi maturati conto deposito;44.14;EUR;income;Interessi;Interessi;Illimity;Illimity;False;;;;;
1042;2026-07-01;Rata mutuo Intesa Sanpaolo;858.4;EUR;expense;Mutuo;Casa;Intesa Sanpaolo;Intesa Sanpaolo;True;monthly;;;;
1043;2026-07-02;Giroconto verso conto deposito;300.0;EUR;transfer;Giroconto;Giroconto;Illimity;Illimity;False;;;;;
1044;2026-07-03;Premio assicurazione casa UnipolSai;24.5;EUR;expense;Assicurazioni;Assicurazioni;UnipolSai;UnipolSai;True;monthly;;;;
1045;2026-07-04;Netflix abbonamento;15.99;EUR;expense;Streaming;Abbonamenti;Netflix;Netflix;True;monthly;;;;
1046;2026-07-05;Coop spesa;75.56;EUR;expense;Alimentari;Alimentari;Coop;Coop;False;;;;;
1047;2026-07-05;Rata prestito auto Agos;276.6;EUR;expense;Prestiti;Prestiti;Agos;Agos;True;monthly;;;;
1048;2026-07-06;Spotify Premium;10.99;EUR;expense;Streaming;Abbonamenti;Spotify;Spotify;True;monthly;;;;
1049;2026-07-08;Coop spesa;48.52;EUR;expense;Alimentari;Alimentari;Coop;Coop;False;;;;;
1050;2026-07-08;Enel Energia bolletta luce e gas;71.55;EUR;expense;Bollette;Bollette;Enel Energia;Enel Energia;True;monthly;;;;
1051;2026-07-08;Libreria Feltrinelli;24.9;EUR;expense;Svago;Svago;Libreria Feltrinelli;Libreria Feltrinelli;False;;;;;
1052;2026-07-08;Q8 carburante;57.41;EUR;expense;Carburante;Trasporto;Q8;Q8;False;;;;;
1053;2026-07-10;Bar Centrale colazione;2.67;EUR;expense;Bar e caffè;Ristoranti;Bar Centrale;Bar Centrale;False;;;;;
1054;2026-07-10;Giroconto verso conto titoli;250.0;EUR;transfer;Giroconto;Giroconto;Directa;Directa;False;;;;;
1055;2026-07-12;Acquisto VWCE 1.8972 quote a 126.5 (PAC);240.0;EUR;transfer;Investimenti;Investimenti;Vanguard;Vanguard;False;;;;;
1056;2026-07-12;Commissione ordine Directa;1.5;EUR;expense;Commissioni;Commissioni;Directa;Directa;False;;;;;
1057;2026-07-12;TIM fibra casa;32.9;EUR;expense;Internet e telefono;Bollette;TIM;TIM;True;monthly;;;;
1058;2026-07-15;Addebito estratto conto carta Visa;212.09;EUR;transfer;Giroconto;Giroconto;Visa;Visa;False;;;;;
1059;2026-07-15;Lidl spesa;77.88;EUR;expense;Alimentari;Alimentari;Lidl;Lidl;False;;;;;
1060;2026-07-16;Contributo fondo pensione Cometa;100.0;EUR;transfer;Investimenti;Investimenti;Cometa;Cometa;False;;;;;
1061;2026-07-16;Sushi Ko;29.83;EUR;expense;Ristoranti;Ristoranti;Sushi Ko;Sushi Ko;False;;;;;
1062;2026-07-17;Bar Centrale colazione;7.69;EUR;expense;Bar e caffè;Ristoranti;Bar Centrale;Bar Centrale;False;;;;;
1063;2026-07-18;Iliad ricarica mobile;9.99;EUR;expense;Internet e telefono;Bollette;Iliad;Iliad;True;monthly;;;;
1064;2026-07-20;Giroconto da conto deposito per vacanze;1200.0;EUR;transfer;Giroconto;Giroconto;Illimity;Illimity;False;;;;;
1065;2026-07-20;Palestra FitActive;34.9;EUR;expense;Palestra;Palestra;FitActive;FitActive;True;monthly;;;;
1066;2026-07-24;Coop spesa;71.24;EUR;expense;Alimentari;Alimentari;Coop;Coop;False;;;;;
1067;2026-07-24;Dividendo Enel;26.88;EUR;income;Dividendi e cedole;Dividendi e cedole;Enel;Enel;False;;;;;
1068;2026-07-24;IKEA acquisto;112.28;EUR;expense;Shopping;Shopping;IKEA;IKEA;False;;;;;
1069;2026-07-25;Premio polizza vita Generali;180.0;EUR;expense;Assicurazioni;Assicurazioni;Generali;Generali;False;;;;;
1070;2026-07-25;Trattoria Milanese;18.92;EUR;expense;Ristoranti;Ristoranti;Trattoria Milanese;Trattoria Milanese;False;;;;;
1071;2026-07-26;Bar Centrale colazione;3.86;EUR;expense;Bar e caffè;Ristoranti;Bar Centrale;Bar Centrale;False;;;;;
1072;2026-07-27;Stipendio ACME S.p.A.;2600.0;EUR;income;Stipendio;Stipendio;ACME S.p.A.;ACME S.p.A.;True;monthly;;;;
1073;2026-08-01;Rata mutuo Intesa Sanpaolo;858.4;EUR;expense;Mutuo;Casa;Intesa Sanpaolo;Intesa Sanpaolo;True;monthly;;;;
1074;2026-08-02;Giroconto verso conto deposito;300.0;EUR;transfer;Giroconto;Giroconto;Illimity;Illimity;False;;;;;
1075;2026-08-03;Premio assicurazione casa UnipolSai;24.5;EUR;expense;Assicurazioni;Assicurazioni;UnipolSai;UnipolSai;True;monthly;;;;
1076;2026-08-03;Volo e hotel vacanze Puglia;1081.04;EUR;expense;Viaggi;Viaggi;Booking.com;Booking.com;False;;;;;
1077;2026-08-04;Lidl spesa;66.01;EUR;expense;Alimentari;Alimentari;Lidl;Lidl;False;;;;;
1078;2026-08-04;Netflix abbonamento;15.99;EUR;expense;Streaming;Abbonamenti;Netflix;Netflix;True;monthly;;;;
1079;2026-08-05;Pizzeria Napoli;47.0;EUR;expense;Ristoranti;Ristoranti;Pizzeria Napoli;Pizzeria Napoli;False;;;;;
1080;2026-08-05;Rata prestito auto Agos;276.6;EUR;expense;Prestiti;Prestiti;Agos;Agos;True;monthly;;;;
1081;2026-08-06;Bar Centrale colazione;4.75;EUR;expense;Bar e caffè;Ristoranti;Bar Centrale;Bar Centrale;False;;;;;
1082;2026-08-06;Cinema UCI;11.63;EUR;expense;Svago;Svago;Cinema UCI;Cinema UCI;False;;;;;
1083;2026-08-06;Spotify Premium;10.99;EUR;expense;Streaming;Abbonamenti;Spotify;Spotify;True;monthly;;;;
1084;2026-08-07;Q8 carburante;54.88;EUR;expense;Carburante;Trasporto;Q8;Q8;False;;;;;
1085;2026-08-08;Enel Energia bolletta luce e gas;60.63;EUR;expense;Bollette;Bollette;Enel Energia;Enel Energia;True;monthly;;;;
1086;2026-08-10;Giroconto verso conto titoli;250.0;EUR;transfer;Giroconto;Giroconto;Directa;Directa;False;;;;;
1087;2026-08-11;Esselunga spesa;91.94;EUR;expense;Alimentari;Alimentari;Esselunga;Esselunga;False;;;;;
1088;2026-08-12;Acquisto VWCE 1.8628 quote a 128.84 (PAC);240.0;EUR;transfer;Investimenti;Investimenti;Vanguard;Vanguard;False;;;;;
1089;2026-08-12;Commissione ordine Directa;1.5;EUR;expense;Commissioni;Commissioni;Directa;Directa;False;;;;;
1090;2026-08-12;TIM fibra casa;32.9;EUR;expense;Internet e telefono;Bollette;TIM;TIM;True;monthly;;;;
1091;2026-08-13;Bar Centrale colazione;2.41;EUR;expense;Bar e caffè;Ristoranti;Bar Centrale;Bar Centrale;False;;;;;
1092;2026-08-14;Eni carburante;65.4;EUR;expense;Carburante;Trasporto;Eni;Eni;False;;;;;
1093;2026-08-15;Addebito estratto conto carta Visa;227.13;EUR;transfer;Giroconto;Giroconto;Visa;Visa;False;;;;;
1094;2026-08-16;Contributo fondo pensione Cometa;100.0;EUR;transfer;Investimenti;Investimenti;Cometa;Cometa;False;;;;;
1095;2026-08-16;Zalando acquisto;162.17;EUR;expense;Shopping;Shopping;Zalando;Zalando;False;;;;;
1096;2026-08-17;Coop spesa;99.32;EUR;expense;Alimentari;Alimentari;Coop;Coop;False;;;;;
1097;2026-08-17;Ottico Salmoiraghi;67.71;EUR;expense;Salute;Salute;Ottico Salmoiraghi;Ottico Salmoiraghi, detraibile;False;;;;;
1098;2026-08-18;Iliad ricarica mobile;9.99;EUR;expense;Internet e telefono;Bollette;Iliad;Iliad;True;monthly;;;;
1099;2026-08-18;Pizzeria Napoli;24.46;EUR;expense;Ristoranti;Ristoranti;Pizzeria Napoli;Pizzeria Napoli;False;;;;;
1100;2026-08-20;Eni carburante;51.72;EUR;expense;Carburante;Trasporto;Eni;Eni;False;;;;;
1101;2026-08-20;Palestra FitActive;34.9;EUR;expense;Palestra;Palestra;FitActive;FitActive;True;monthly;;;;
1102;2026-08-25;Conad spesa;77.35;EUR;expense;Alimentari;Alimentari;Conad;Conad;False;;;;;
1103;2026-08-27;Bar Centrale colazione;4.01;EUR;expense;Bar e caffè;Ristoranti;Bar Centrale;Bar Centrale;False;;;;;
1104;2026-08-27;Stipendio ACME S.p.A.;2600.0;EUR;income;Stipendio;Stipendio;ACME S.p.A.;ACME S.p.A.;True;monthly;;;;
1105;2026-08-28;Eni carburante;60.72;EUR;expense;Carburante;Trasporto;Eni;Eni;False;;;;;
